Date,Time,I,  tempC,DO.meas,atmo.pressure,salinity
2/7/2023,0:00:00,0,4.76,13.068575,0.99777,0.12
2/7/2023,0:05:00,0,4.8,13.14651,0.99825,0.12
2/7/2023,0:10:00,0,4.76,13.147509,0.99746,0.12
2/7/2023,0:15:00,0,4.84,13.167488,0.99714,0.12
2/7/2023,0:20:00,0,4.76,13.149508,0.99701,0.12
2/7/2023,0:25:00,0,4.63,13.188472,0.99714,0.12
2/7/2023,0:30:00,0,4.72,13.170484,0.99698,0.12
2/7/2023,0:35:00,0,4.8,13.161487,0.99717,0.12
2/7/2023,0:40:00,0,4.76,13.152495,0.99748,0.12
2/7/2023,0:45:00,0,4.8,13.151496,0.99717,0.12
2/7/2023,0:50:00,0,4.76,13.139505,0.99685,0.12
2/7/2023,0:55:00,0,4.84,13.153491,0.99654,0.12
2/7/2023,1:00:00,0,4.76,13.150494,0.99672,0.12
2/7/2023,1:05:00,0,4.76,13.1475,0.99656,0.12
2/7/2023,1:10:00,0,4.8,13.159492,0.99641,0.12
2/7/2023,1:15:00,0,4.84,13.141513,0.99656,0.12
2/7/2023,1:20:00,0,4.89,13.147517,0.99643,0.12
2/7/2023,1:25:00,0,4.76,13.147521,0.99643,0.12
2/7/2023,1:30:00,0,4.76,13.180496,0.99691,0.12
2/7/2023,1:35:00,0,4.76,13.172502,0.99675,0.12
2/7/2023,1:40:00,0,4.76,13.184492,0.99722,0.12
2/7/2023,1:45:00,0,4.72,13.164509,0.99767,0.12
2/7/2023,1:50:00,0,4.72,13.15052,0.99859,0.12
2/7/2023,1:55:00,0,4.72,13.13953,0.99853,0.12
2/7/2023,2:00:00,0,4.67,13.145527,0.99838,0.12
2/7/2023,2:05:00,0,4.67,13.137533,0.99774,0.12
2/7/2023,2:10:00,0,4.76,13.147522,0.99727,0.12
2/7/2023,2:15:00,0,4.76,13.11655,0.99695,0.12
2/7/2023,2:20:00,0,4.63,13.129544,0.99711,0.12
2/7/2023,2:25:00,0,4.8,13.125549,0.99743,0.12
2/7/2023,2:30:00,0,4.89,13.115556,0.99743,0.12
2/7/2023,2:35:00,0,4.89,13.138535,0.99759,0.12
2/7/2023,2:40:00,0,4.84,13.114554,0.99759,0.12
2/7/2023,2:45:00,0,4.93,13.127543,0.99759,0.12
2/7/2023,2:50:00,0,4.93,13.12055,0.99759,0.12
2/7/2023,2:55:00,0,4.8,13.101563,0.99746,0.12
2/7/2023,3:00:00,0,4.76,13.120546,0.9979,0.12
2/7/2023,3:05:00,0,4.76,13.12554,0.99822,0.12
2/7/2023,3:10:00,0,4.84,13.118548,0.9979,0.12
2/7/2023,3:15:00,0,4.84,13.108558,0.99806,0.12
2/7/2023,3:20:00,0,4.89,13.118549,0.9979,0.12
2/7/2023,3:25:00,0,4.84,13.116552,0.99793,0.12
2/7/2023,3:30:00,0,4.89,13.116552,0.99777,0.12
2/7/2023,3:35:00,0,4.89,13.132542,0.99809,0.12
2/7/2023,3:40:00,0,4.84,13.117554,0.99793,0.12
2/7/2023,3:45:00,0,4.8,13.108561,0.99812,0.12
2/7/2023,3:50:00,0,4.89,13.078586,0.99859,0.12
2/7/2023,3:55:00,0,4.97,13.05061,0.99812,0.12
2/7/2023,4:00:00,0,4.93,13.04861,0.99827,0.12
2/7/2023,4:05:00,0,4.97,13.038618,0.99812,0.12
2/7/2023,4:10:00,0,4.89,13.026626,0.99812,0.12
2/7/2023,4:15:00,0,4.93,13.041614,0.99843,0.12
2/7/2023,4:20:00,0,4.84,13.040613,0.99843,0.12
2/7/2023,4:25:00,0,4.84,13.018631,0.99859,0.12
2/7/2023,4:30:00,0,4.93,13.008635,0.99875,0.12
2/7/2023,4:35:00,0,4.84,13.000642,0.9984,0.12
2/7/2023,4:40:00,0,4.84,13.001639,0.99875,0.12
2/7/2023,4:45:00,0,4.93,12.996646,0.99859,0.12
2/7/2023,4:50:00,0,4.89,13.019627,0.99906,0.12
2/7/2023,4:55:00,0,4.89,13.004639,0.99891,0.12
2/7/2023,5:00:00,0,4.93,12.997645,0.99906,0.12
2/7/2023,5:05:00,0,4.97,12.982657,0.99919,0.12
2/7/2023,5:10:00,0,5.02,12.971664,0.99951,0.12
2/7/2023,5:15:00,0,4.97,12.983648,0.99964,0.12
2/7/2023,5:20:00,0,5.02,12.973653,0.99932,0.12
2/7/2023,5:25:00,0,4.97,12.981648,0.99904,0.12
2/7/2023,5:30:00,0,4.97,12.970657,0.99919,0.12
2/7/2023,5:35:00,0,5.02,12.939686,0.99904,0.12
2/7/2023,5:40:00,0,4.93,12.981647,0.99906,0.12
2/7/2023,5:45:00,0,4.89,12.928693,0.99906,0.12
2/7/2023,5:50:00,0,4.89,12.923697,0.99891,0.12
2/7/2023,5:55:00,0,4.84,12.915709,0.99938,0.12
2/7/2023,6:00:00,0,4.93,12.962669,0.99922,0.12
2/7/2023,6:05:00,0,4.89,12.94868,0.99922,0.12
2/7/2023,6:10:00,0,4.84,12.931693,0.9997,0.12
2/7/2023,6:15:00,0,4.84,12.916707,0.99985,0.12
2/7/2023,6:20:00,0,4.76,12.907713,0.99983,0.12
2/7/2023,6:25:00,0.037,4.76,12.913707,0.99983,0.12
2/7/2023,6:30:00,0.3774,4.84,12.909711,0.99983,0.12
2/7/2023,6:35:00,1.1729,4.8,12.903715,1.00014,0.12
2/7/2023,6:40:00,2.4272,4.76,12.907714,0.99998,0.12
2/7/2023,6:45:00,4.0256,4.84,12.900717,0.99998,0.12
2/7/2023,6:50:00,7.52395,4.76,12.899717,1.0003,0.12
2/7/2023,6:55:00,10.8632,4.8,12.872738,1.0003,0.12
2/7/2023,7:00:00,15.5178,4.84,12.878734,0.99998,0.12
2/7/2023,7:05:00,19.7802,4.89,12.859747,0.99983,0.12
2/7/2023,7:10:00,24.0352,4.89,12.84676,0.99967,0.12
2/7/2023,7:15:00,24.3386,4.93,12.856751,0.99954,0.12
2/7/2023,7:20:00,36.8668,5.02,12.853754,0.99954,0.12
2/7/2023,7:25:00,54.9968,5.1,12.86075,0.99954,0.12
2/7/2023,7:30:00,59.5404,5.32,12.839769,0.99957,0.12
2/7/2023,7:35:00,65.6232,5.4,12.845765,0.99944,0.12
2/7/2023,7:40:00,65.8896,5.49,12.825782,0.99946,0.12
2/7/2023,7:45:00,56.9356,5.45,12.823785,0.99965,0.12
2/7/2023,7:50:00,55.1152,5.57,12.821785,0.99952,0.12
2/7/2023,7:55:00,54.0496,5.53,12.82578,0.99955,0.12
2/7/2023,8:00:00,52.1996,5.57,12.84776,0.99955,0.12
2/7/2023,8:05:00,61.9528,5.57,12.809793,0.99974,0.12
2/7/2023,8:10:00,65.1496,5.66,12.823782,0.99976,0.12
2/7/2023,8:15:00,73.3488,5.66,12.845763,0.99979,0.12
2/7/2023,8:20:00,87.0536,5.75,12.864748,0.99979,0.12
2/7/2023,8:25:00,105.3168,5.96,12.853758,0.99985,0.12
2/7/2023,8:30:00,179.4352,6.17,12.845766,0.99988,0.12
2/7/2023,8:35:00,251.4816,7.16,12.861757,0.99993,0.12
2/7/2023,8:40:00,196.544,7.63,12.897728,1.00018,0.12
2/7/2023,8:45:00,142.4352,7.63,12.921715,1.0001,0.12
2/7/2023,8:50:00,427.5424,7.42,12.907726,1.00035,0.12
2/7/2023,8:55:00,394.864,7.89,12.899734,1.00009,0.12
2/7/2023,9:00:00,503.2,8.96,12.894743,1.00001,0.12
2/7/2023,9:05:00,536.5888,9.99,12.883756,1.00031,0.12
2/7/2023,9:10:00,548.4288,9.91,12.895754,1.00014,0.12
2/7/2023,9:15:00,343.36,9.61,12.941717,1.00006,0.12
2/7/2023,9:20:00,567.3728,9.65,12.944723,1.00036,0.12
2/7/2023,9:25:00,471.232,9.26,12.884776,1.00026,0.12
2/7/2023,9:30:00,320.6272,9.05,12.826833,1.00013,0.12
2/7/2023,9:35:00,595.552,9.52,12.820849,1.00056,0.12
2/7/2023,9:40:00,408.8352,9.61,12.930763,1.00049,0.12
2/7/2023,9:45:00,747.3408,9.99,12.910788,1.00052,0.12
2/7/2023,9:50:00,478.4544,9.82,12.838853,1.00044,0.12
2/7/2023,9:55:00,325.2448,9.91,12.818879,1.00044,0.12
2/7/2023,10:00:00,380.656,9.61,12.860851,1.0004,0.12
2/7/2023,10:05:00,663.04,10.42,12.839867,1.00028,0.12
2/7/2023,10:10:00,596.2624,10.21,12.858867,1.00018,0.12
2/7/2023,10:15:00,701.4016,9.86,12.882852,1.00018,0.12
2/7/2023,10:20:00,764.3904,11.41,12.883864,1.00024,0.12
2/7/2023,10:25:00,581.344,10.42,12.995773,1.00014,0.12
2/7/2023,10:30:00,740,10.72,12.997777,1.00002,0.12
2/7/2023,10:35:00,713.4784,10.25,13.086704,0.99992,0.12
2/7/2023,10:40:00,706.1376,10.89,13.056743,0.99992,0.12
2/7/2023,10:45:00,980.8256,11.49,12.988802,0.99971,0.12
2/7/2023,10:50:00,624.9152,12.01,13.193647,0.99944,0.12
2/7/2023,10:55:00,829.0368,11.24,13.083742,0.99968,0.12
2/7/2023,11:00:00,674.6432,10.89,13.273598,0.99916,0.12
2/7/2023,11:05:00,674.6432,11.32,13.281602,0.9994,0.12
2/7/2023,11:10:00,590.1056,11.45,13.276618,0.99968,0.12
2/7/2023,11:15:00,956.9088,12.7,13.222675,0.99939,0.12
2/7/2023,11:20:00,1066.5472,14.63,13.211643,0.99892,0.12
2/7/2023,11:25:00,1153.6896,13.3,13.394495,0.99876,0.12
2/7/2023,11:30:00,277.648,11.28,13.574354,0.99908,0.12
2/7/2023,11:35:00,762.9696,10.68,13.648297,0.99929,0.12
2/7/2023,11:40:00,308.0768,9.78,13.570364,0.99921,0.12
2/7/2023,11:45:00,221.0528,9.78,13.570377,0.99917,0.12
2/7/2023,11:50:00,256.5728,9.99,13.448489,0.99889,0.12
2/7/2023,11:55:00,537.536,10.46,13.395543,0.99915,0.12
2/7/2023,12:00:00,316.4832,11.41,13.573394,0.9988,0.12
2/7/2023,12:05:00,274.688,11.37,13.640281,0.9989,0.12
2/7/2023,12:10:00,335.7824,10.34,13.924049,0.99882,0.12
2/7/2023,12:15:00,344.8992,9.56,13.824149,0.99866,0.12
2/7/2023,12:20:00,237.5696,10.25,13.763232,0.99863,0.12
2/7/2023,12:25:00,295.5264,10.42,13.693292,0.99847,0.12
2/7/2023,12:30:00,191.216,10.42,13.698298,0.9985,0.12
2/7/2023,12:35:00,230.288,9.91,13.652328,0.99834,0.12
2/7/2023,12:40:00,228.9264,9.91,13.685304,0.99837,0.12
2/7/2023,12:45:00,203.352,10.25,13.766244,0.99821,0.12
2/7/2023,12:50:00,204.832,10.46,13.782234,0.99805,0.12
2/7/2023,12:55:00,328.2048,10.21,13.655297,0.99786,0.12
2/7/2023,13:00:00,282.976,10.68,13.654277,0.99784,0.12
2/7/2023,13:05:00,325.8368,10.81,13.720218,0.99784,0.12
2/7/2023,13:10:00,311.1552,10.94,13.700234,0.99773,0.12
2/7/2023,13:15:00,373.0784,10.68,13.725212,0.99766,0.12
2/7/2023,13:20:00,171.976,9.78,13.749194,0.99769,0.12
2/7/2023,13:25:00,293.3952,10.25,13.750191,0.9974,0.12
2/7/2023,13:30:00,254.4416,9.95,13.773177,0.9973,0.12
2/7/2023,13:35:00,146.6976,9.95,13.717221,0.9974,0.12
2/7/2023,13:40:00,121.4784,10.21,13.684251,0.99738,0.12
2/7/2023,13:45:00,146.0464,10.04,13.638286,0.9975,0.12
2/7/2023,13:50:00,211.64,10.12,13.691244,0.99722,0.12
2/7/2023,13:55:00,310.208,10.51,13.64728,0.99719,0.12
2/7/2023,14:00:00,240.5888,10.94,13.615305,0.99722,0.12
2/7/2023,14:05:00,159.0704,10.34,13.730211,0.99719,0.12
2/7/2023,14:10:00,199.5632,9.78,13.719223,0.9974,0.12
2/7/2023,14:15:00,136.5744,9.78,13.755194,0.9974,0.12
2/7/2023,14:20:00,195.4784,9.61,13.7612,0.99725,0.12
2/7/2023,14:25:00,165.0496,9.82,13.711261,0.99738,0.12
2/7/2023,14:30:00,134.2656,9.91,13.687281,0.9975,0.12
2/7/2023,14:35:00,157.5312,10.38,13.697258,0.99776,0.12
2/7/2023,14:40:00,175.3504,10.21,13.71324,0.99789,0.12
2/7/2023,14:45:00,89.3328,9.78,13.721254,0.99761,0.12
2/7/2023,14:50:00,94.6904,9.74,13.69926,0.99776,0.12
2/7/2023,14:55:00,188.4928,10.08,13.681271,0.99766,0.12
2/7/2023,15:00:00,146.7568,10.12,13.689258,0.99766,0.12
2/7/2023,15:05:00,98.4792,9.91,13.764197,0.99759,0.12
2/7/2023,15:10:00,102.12,10.04,13.696249,0.99778,0.12
2/7/2023,15:15:00,133.2,10.38,13.656282,0.99778,0.12
2/7/2023,15:20:00,137.4624,10.25,13.622308,0.99775,0.12
2/7/2023,15:25:00,127.2208,10.34,13.573346,0.99782,0.12
2/7/2023,15:30:00,105.376,10.25,13.561357,0.99763,0.12
2/7/2023,15:35:00,120.5904,10.12,13.54537,0.99782,0.12
2/7/2023,15:40:00,111.888,10.08,13.540373,0.99779,0.12
2/7/2023,15:45:00,101.972,10.25,13.477429,0.99786,0.12
2/7/2023,15:50:00,81.4592,9.99,13.479425,0.99786,0.12
2/7/2023,15:55:00,97.5912,9.95,13.472431,0.99776,0.12
2/7/2023,16:00:00,87.8232,9.86,13.501406,0.99782,0.12
2/7/2023,16:05:00,36.3784,9.74,13.536381,0.99795,0.12
2/7/2023,16:10:00,63.6696,9.65,13.516404,0.99792,0.12
2/7/2023,16:15:00,64.5576,9.74,13.469434,0.99792,0.12
2/7/2023,16:20:00,65.3272,9.74,13.492413,0.99802,0.12
2/7/2023,16:25:00,51.7408,9.91,13.538383,0.99799,0.12
2/7/2023,16:30:00,48.4108,9.69,13.441461,0.99794,0.12
2/7/2023,16:35:00,34.854,9.69,13.433475,0.99804,0.12
2/7/2023,16:40:00,30.7396,9.31,13.486431,0.99827,0.12
2/7/2023,16:45:00,23.8872,9.18,13.494416,0.99818,0.12
2/7/2023,16:50:00,19.1734,9.01,13.491412,0.99828,0.12
2/7/2023,16:55:00,17.7896,9.05,13.485416,0.99835,0.12
2/7/2023,17:00:00,13.5309,8.96,13.531375,0.9983,0.12
2/7/2023,17:05:00,9.2722,9.01,13.507395,0.99827,0.12
2/7/2023,17:10:00,6.0421,9.05,13.524381,0.99837,0.12
2/7/2023,17:15:00,4.25315,8.96,13.522385,0.9985,0.12
2/7/2023,17:20:00,3.2634,8.96,13.514394,0.99847,0.12
2/7/2023,17:25:00,2.08125,8.41,11.727794,0.99844,0.12
2/7/2023,17:30:00,0.79365,8.15,11.727796,0.99857,0.12
2/7/2023,17:35:00,0.30155,8.15,11.774761,0.99886,0.12
2/7/2023,17:40:00,0.037,8.36,11.87868,0.99886,0.12
2/7/2023,17:45:00,0,8.32,11.971605,0.99883,0.12
2/7/2023,17:50:00,0,8.19,12.065529,0.99883,0.12
2/7/2023,17:55:00,0,8.02,12.122482,0.99864,0.12
2/7/2023,18:00:00,0,7.98,13.810155,0.99877,0.12
2/7/2023,18:05:00,0,7.98,13.913075,0.99909,0.12
2/7/2023,18:10:00,0,8.02,13.968031,0.9989,0.12
2/7/2023,18:15:00,0,7.89,13.966032,0.99887,0.12
2/7/2023,18:20:00,0,7.89,13.992013,0.99919,0.12
2/7/2023,18:25:00,0,7.93,13.989015,0.99916,0.12
2/7/2023,18:30:00,0,7.93,13.97003,0.99929,0.12
2/7/2023,18:35:00,0,7.85,13.996008,0.99929,0.12
2/7/2023,18:40:00,0,7.63,14.01699,0.99926,0.12
2/7/2023,18:45:00,0,7.59,14.046967,0.99923,0.12
2/7/2023,18:50:00,0,7.5,14.033976,0.99921,0.12
2/7/2023,18:55:00,0,7.46,14.052962,0.99934,0.12
2/7/2023,19:00:00,0,7.42,14.068946,0.99934,0.12
2/7/2023,19:05:00,0,7.42,14.063952,0.99931,0.12
2/7/2023,19:10:00,0,7.38,14.059953,0.99912,0.12
2/7/2023,19:15:00,0,7.42,14.047965,0.99928,0.12
2/7/2023,19:20:00,0,7.5,14.046963,0.99925,0.12
2/7/2023,19:25:00,0,7.5,14.078937,0.99941,0.12
2/7/2023,19:30:00,0,7.5,14.077938,0.99957,0.12
2/7/2023,19:35:00,0,7.59,14.045962,0.99957,0.12
2/7/2023,19:40:00,0,7.68,14.035968,0.99957,0.12
2/7/2023,19:45:00,0,7.68,14.042964,0.99957,0.12
2/7/2023,19:50:00,0,7.81,14.031974,0.99941,0.12
2/7/2023,19:55:00,0,7.72,13.990007,0.99925,0.12
2/7/2023,20:00:00,0,7.63,13.952037,0.99925,0.12
2/7/2023,20:05:00,0,7.55,13.97302,0.99938,0.12
2/7/2023,20:10:00,0,7.5,13.980014,0.99938,0.12
2/7/2023,20:15:00,0,7.59,13.956031,0.99954,0.12
2/7/2023,20:20:00,0,7.59,13.935049,0.99951,0.12
2/7/2023,20:25:00,0,7.59,13.863106,0.99951,0.12
2/7/2023,20:30:00,0,7.68,13.846119,0.99951,0.12
2/7/2023,20:35:00,0,7.63,13.849115,0.99948,0.12
2/7/2023,20:40:00,0,7.63,13.807151,0.99948,0.12
2/7/2023,20:45:00,0,7.72,13.809149,0.99964,0.12
2/7/2023,20:50:00,0,7.55,13.782169,0.99948,0.12
2/7/2023,20:55:00,0,7.55,13.742202,0.99948,0.12
2/7/2023,21:00:00,0,7.46,13.716222,0.99917,0.12
2/7/2023,21:05:00,0,7.5,13.717222,0.99948,0.12
2/7/2023,21:10:00,0,7.5,13.71722,0.99932,0.12
2/7/2023,21:15:00,0,7.55,13.733205,0.99932,0.12
2/7/2023,21:20:00,0,7.55,13.736207,0.99948,0.12
2/7/2023,21:25:00,0,7.5,13.756188,0.99945,0.12
2/7/2023,21:30:00,0,7.55,13.739202,0.9993,0.12
2/7/2023,21:35:00,0,7.55,13.760187,0.99945,0.12
2/7/2023,21:40:00,0,7.55,13.729211,0.99945,0.12
2/7/2023,21:45:00,0,7.55,13.734205,0.99943,0.12
2/7/2023,21:50:00,0,7.59,13.711222,0.99927,0.12
2/7/2023,21:55:00,0,7.63,13.662261,0.99927,0.12
2/7/2023,22:00:00,0,7.72,13.631286,0.99927,0.12
2/7/2023,22:05:00,0,7.76,13.630285,0.9993,0.12
2/7/2023,22:10:00,0,7.81,13.606305,0.9993,0.12
2/7/2023,22:15:00,0,7.81,13.644275,0.9993,0.12
2/7/2023,22:20:00,0,7.81,13.633284,0.99945,0.12
2/7/2023,22:25:00,0,7.76,13.60131,0.99945,0.12
2/7/2023,22:30:00,0,7.59,13.612301,0.99945,0.12
2/7/2023,22:35:00,0,7.63,13.594316,0.99945,0.12
2/7/2023,22:40:00,0,7.72,13.55335,0.9993,0.12
2/7/2023,22:45:00,0,7.63,13.626293,0.99932,0.12
2/7/2023,22:50:00,0,7.59,13.579333,0.99932,0.12
2/7/2023,22:55:00,0,7.55,13.548358,0.99948,0.12
2/7/2023,23:00:00,0,7.55,13.536368,0.99948,0.12
2/7/2023,23:05:00,0,7.55,13.532371,0.99948,0.12
2/7/2023,23:10:00,0,7.5,13.541362,0.99964,0.12
2/7/2023,23:15:00,0,7.42,13.550354,0.99964,0.12
2/7/2023,23:20:00,0,7.5,13.536367,0.99948,0.12
2/7/2023,23:25:00,0,7.55,13.526375,0.99964,0.12
2/7/2023,23:30:00,0,7.5,13.499396,0.99964,0.12
2/7/2023,23:35:00,0,7.5,13.502391,0.99967,0.12
2/7/2023,23:40:00,0,7.5,13.460426,0.99951,0.12
2/7/2023,23:45:00,0,7.59,13.450433,0.99967,0.12
2/7/2023,23:50:00,0,7.76,13.419458,0.99951,0.12
2/7/2023,23:55:00,0,8.02,13.383486,0.99964,0.12
2/8/2023,0:00:00,0,8.15,13.504398,0.99964,0.12
2/8/2023,0:05:00,0,8.23,13.524384,0.99948,0.12
2/8/2023,0:10:00,0,8.23,13.453445,0.99932,0.12
2/8/2023,0:15:00,0,8.23,13.406486,0.99948,0.12
2/8/2023,0:20:00,0,8.15,13.307562,0.99951,0.12
2/8/2023,0:25:00,0,8.06,13.264599,0.99951,0.12
2/8/2023,0:30:00,0,7.93,13.292575,0.99951,0.12
2/8/2023,0:35:00,0,7.98,13.236623,0.99964,0.12
2/8/2023,0:40:00,0,7.98,13.190662,0.99964,0.12
2/8/2023,0:45:00,0,7.89,13.173674,0.99948,0.12
2/8/2023,0:50:00,0,7.81,13.175673,0.99964,0.12
2/8/2023,0:55:00,0,7.76,13.188661,0.99964,0.12
2/8/2023,1:00:00,0,7.81,13.15369,0.99964,0.12
2/8/2023,1:05:00,0,7.76,13.133709,0.99948,0.12
2/8/2023,1:10:00,0,7.76,13.153692,0.99948,0.12
2/8/2023,1:15:00,0,7.76,13.121719,0.99932,0.12
2/8/2023,1:20:00,0,7.85,13.128716,0.99917,0.12
2/8/2023,1:25:00,0,7.85,13.167684,0.9993,0.12
2/8/2023,1:30:00,0,7.72,13.166685,0.99898,0.12
2/8/2023,1:35:00,0,7.63,13.17068,0.99914,0.12
2/8/2023,1:40:00,0,7.63,13.177676,0.99943,0.12
2/8/2023,1:45:00,0,7.59,13.205656,0.9994,0.12
2/8/2023,1:50:00,0,7.76,13.169683,0.99937,0.12
2/8/2023,1:55:00,0,7.76,13.151695,0.99953,0.12
2/8/2023,2:00:00,0,7.81,13.128713,0.99937,0.12
2/8/2023,2:05:00,0,7.81,13.160688,0.9994,0.12
2/8/2023,2:10:00,0,7.81,13.108729,0.9994,0.12
2/8/2023,2:15:00,0,7.85,13.093738,0.9994,0.12
2/8/2023,2:20:00,0,7.89,13.072756,0.9994,0.12
2/8/2023,2:25:00,0,7.89,13.057767,0.9994,0.12
2/8/2023,2:30:00,0,7.98,13.042781,0.99956,0.12
2/8/2023,2:35:00,0,7.98,13.034785,0.99956,0.12
2/8/2023,2:40:00,0,8.11,13.037783,0.99958,0.12
2/8/2023,2:45:00,0,8.19,13.0188,0.99958,0.12
2/8/2023,2:50:00,0,8.28,13.011804,0.9999,0.12
2/8/2023,2:55:00,0,8.19,12.987825,0.99974,0.12
2/8/2023,3:00:00,0,8.19,13.001814,0.99974,0.12
2/8/2023,3:05:00,0,8.15,12.974838,0.99974,0.12
2/8/2023,3:10:00,0,8.06,13.001814,0.99974,0.12
2/8/2023,3:15:00,0,8.02,13.027795,0.9999,0.12
2/8/2023,3:20:00,0,8.06,13.014803,0.9999,0.12
2/8/2023,3:25:00,0,8.11,13.026797,0.9999,0.12
2/8/2023,3:30:00,0,8.11,13.029795,0.9999,0.12
2/8/2023,3:35:00,0,8.02,13.024802,0.9999,0.12
2/8/2023,3:40:00,0,8.02,13.018803,0.9999,0.12
2/8/2023,3:45:00,0,8.02,13.025798,1.00006,0.12
2/8/2023,3:50:00,0,8.15,13.004812,1.00006,0.12
2/8/2023,3:55:00,0,8.15,13.006812,1.00006,0.12
2/8/2023,4:00:00,0,8.15,13.000816,1.00006,0.12
2/8/2023,4:05:00,0,8.28,12.979834,1.00022,0.12
2/8/2023,4:10:00,0,8.36,12.994823,1.00022,0.12
2/8/2023,4:15:00,0,8.41,13.016806,1.00006,0.12
2/8/2023,4:20:00,0,8.45,13.015811,1.00022,0.12
2/8/2023,4:25:00,0,8.41,12.998826,1.00022,0.12
2/8/2023,4:30:00,0,8.41,13.010816,1.00022,0.12
2/8/2023,4:35:00,0,8.41,13.018812,1.00006,0.12
2/8/2023,4:40:00,0,8.45,12.971855,1.00006,0.12
2/8/2023,4:45:00,0,8.45,12.922894,1.00038,0.12
2/8/2023,4:50:00,0,8.49,12.876929,1.00006,0.12
2/8/2023,4:55:00,0,8.49,12.900909,1.00003,0.12
2/8/2023,5:00:00,0,8.41,12.893917,1.00006,0.12
2/8/2023,5:05:00,0,8.49,12.896915,1.00022,0.12
2/8/2023,5:10:00,0,8.45,12.879928,1.00006,0.12
2/8/2023,5:15:00,0,8.41,12.863942,1.00006,0.12
2/8/2023,5:20:00,0,8.41,12.838962,0.9999,0.12
2/8/2023,5:25:00,0,8.36,12.851952,0.9999,0.12
2/8/2023,5:30:00,0,8.45,12.843958,1.00022,0.12
2/8/2023,5:35:00,0,8.45,12.820976,1.00006,0.12
2/8/2023,5:40:00,0,8.32,12.802989,1.00003,0.12
2/8/2023,5:45:00,0,8.28,12.804986,1.00019,0.12
2/8/2023,5:50:00,0,8.28,12.786002,1.00019,0.12
2/8/2023,5:55:00,0,8.23,12.771012,1.00019,0.12
2/8/2023,6:00:00,0,8.28,12.905904,1.00019,0.12
2/8/2023,6:05:00,0,8.23,12.866935,1.00019,0.12
2/8/2023,6:10:00,0,8.28,12.878924,1.00019,0.12
2/8/2023,6:15:00,0,8.32,12.836962,1.00035,0.12
2/8/2023,6:20:00,0,8.28,12.811979,1.00019,0.12
2/8/2023,6:25:00,0,8.28,12.791996,1.00019,0.12
2/8/2023,6:30:00,0,8.32,12.792993,1.00019,0.12
2/8/2023,6:35:00,0.14985,8.28,12.787997,0.99987,0.12
2/8/2023,6:40:00,0.3404,8.36,12.801985,0.99987,0.12
2/8/2023,6:45:00,0.75665,8.32,12.786999,1.00003,0.12
2/8/2023,6:50:00,1.92955,8.36,12.794993,0.99971,0.12
2/8/2023,6:55:00,3.9886,8.41,12.811977,0.99987,0.12
2/8/2023,7:00:00,7.2964,8.41,12.797989,0.99987,0.12
2/8/2023,7:05:00,8.2029,8.36,12.790995,0.99987,0.12
2/8/2023,7:10:00,8.9688,8.28,12.813976,0.99987,0.12
2/8/2023,7:15:00,10.7966,8.36,12.796988,1.00003,0.12
2/8/2023,7:20:00,15.3846,8.36,12.794988,0.99987,0.12
2/8/2023,7:25:00,15.8212,8.36,12.773007,0.99987,0.12
2/8/2023,7:30:00,20.9864,8.23,12.790994,1.00006,0.12
2/8/2023,7:35:00,23.4284,8.28,12.792993,0.9999,0.12
2/8/2023,7:40:00,32.7376,8.36,12.796993,1.00006,0.12
2/8/2023,7:45:00,34.854,8.41,12.77401,0.9999,0.12
2/8/2023,7:50:00,37.7696,8.45,12.787997,0.99993,0.12
2/8/2023,7:55:00,42.9644,8.62,12.772011,0.99977,0.12
2/8/2023,8:00:00,45.0364,8.49,12.789996,0.9998,0.12
2/8/2023,8:05:00,46.5904,8.41,12.786,0.9998,0.12
2/8/2023,8:10:00,59.8512,8.41,12.773013,0.99983,0.12
2/8/2023,8:15:00,54.1976,8.62,12.804986,0.9997,0.12
2/8/2023,8:20:00,63.1664,8.75,12.784004,0.99986,0.12
2/8/2023,8:25:00,73.3488,8.79,12.788004,0.99986,0.12
2/8/2023,8:30:00,80.6896,8.71,12.815979,1.00004,0.12
2/8/2023,8:35:00,115.292,8.66,12.799989,1.00007,0.12
2/8/2023,8:40:00,135.5088,8.75,12.776008,1.00007,0.12
2/8/2023,8:45:00,139.416,8.79,12.791996,1.0001,0.12
2/8/2023,8:50:00,143.9152,8.88,12.80099,0.99994,0.12
2/8/2023,8:55:00,135.3312,8.83,12.819975,1.00013,0.12
2/8/2023,9:00:00,90.3096,8.88,12.840957,1.00013,0.12
2/8/2023,9:05:00,75.48,8.66,12.808978,1.00016,0.12
2/8/2023,9:10:00,89.7176,8.58,12.833959,1.00029,0.12
2/8/2023,9:15:00,89.096,8.66,12.879921,1.00029,0.12
2/8/2023,9:20:00,73.6448,8.53,12.9089,1.00031,0.12
2/8/2023,9:25:00,78.588,8.45,12.873924,1.00031,0.12
2/8/2023,9:30:00,128.5824,8.53,12.896904,1.00047,0.12
2/8/2023,9:35:00,247.5744,8.79,12.920887,1.00034,0.12
2/8/2023,9:40:00,178.192,9.01,12.948866,1.00034,0.12
2/8/2023,9:45:00,152.8544,9.05,12.924885,1.00034,0.12
2/8/2023,9:50:00,126.5104,9.14,12.927883,1.00053,0.12
2/8/2023,9:55:00,98.8048,9.01,12.975847,1.00053,0.12
2/8/2023,10:00:00,139.8896,8.79,12.930881,1.00069,0.12
2/8/2023,10:05:00,143.3232,8.83,12.921888,1.00053,0.12
2/8/2023,10:10:00,242.9568,9.22,12.992832,1.0004,0.12
2/8/2023,10:15:00,284.6336,9.61,12.987837,1.00027,0.12
2/8/2023,10:20:00,293.7504,9.56,13.040795,1.0003,0.12
2/8/2023,10:25:00,278.24,9.65,13.05079,1.00036,0.12
2/8/2023,10:30:00,201.0432,9.35,13.098752,1.00039,0.12
2/8/2023,10:35:00,214.0672,9.52,13.153708,1.00023,0.12
2/8/2023,10:40:00,313.9968,9.78,13.185683,0.99994,0.12
2/8/2023,10:45:00,308.9056,9.74,13.316581,0.99989,0.12
2/8/2023,10:50:00,330.6912,9.56,13.477452,0.99968,0.12
2/8/2023,10:55:00,264.624,9.52,13.471458,0.99946,0.12
2/8/2023,11:00:00,330.336,9.86,13.525414,0.99938,0.12
2/8/2023,11:05:00,247.3376,9.99,13.643325,0.99948,0.12
2/8/2023,11:10:00,196.84,9.44,13.727258,0.99942,0.12
2/8/2023,11:15:00,154.0384,9.35,13.813189,0.99942,0.12
2/8/2023,11:20:00,148.888,9.05,13.891129,0.99952,0.12
2/8/2023,11:25:00,143.1456,9.18,14.004039,0.99952,0.12
2/8/2023,11:30:00,67.7544,8.96,14.037014,0.99923,0.12
2/8/2023,11:35:00,88.2672,9.05,14.031015,0.99923,0.12
2/8/2023,11:40:00,94.0984,8.79,14.019023,0.9992,0.12
2/8/2023,11:45:00,147.704,8.92,14.040008,0.9992,0.12
2/8/2023,11:50:00,115.3808,8.96,14.108955,0.99904,0.12
2/8/2023,11:55:00,174.4032,9.69,14.116947,0.99902,0.12
2/8/2023,12:00:00,136.2784,9.31,14.549608,0.99883,0.12
2/8/2023,12:05:00,117.8672,9.18,14.510639,0.99867,0.12
2/8/2023,12:10:00,145.3952,9.31,14.537615,0.99838,0.12
2/8/2023,12:15:00,143.3232,9.44,14.539616,0.99841,0.12
2/8/2023,12:20:00,121.952,9.35,14.462678,0.99841,0.12
2/8/2023,12:25:00,160.1952,9.48,14.47367,0.99822,0.12
2/8/2023,12:30:00,207.1408,9.48,14.521632,0.99819,0.12
2/8/2023,12:35:00,116.2096,9.52,14.48466,0.99819,0.12
2/8/2023,12:40:00,222.1184,9.44,14.509639,0.99804,0.12
2/8/2023,12:45:00,119.7024,9.31,14.465675,0.99804,0.12
2/8/2023,12:50:00,105.9976,9.74,14.508643,0.99794,0.12
2/8/2023,12:55:00,219.5136,9.91,14.506645,0.99765,0.12
2/8/2023,13:00:00,233.3072,9.95,14.593574,0.99755,0.12
2/8/2023,13:05:00,210.2784,9.78,14.553609,0.99757,0.12
2/8/2023,13:10:00,218.3296,9.69,14.541616,0.99732,0.12
2/8/2023,13:15:00,143.2048,9.69,14.551612,0.99729,0.12
2/8/2023,13:20:00,91.6712,9.61,14.520636,0.9971,0.12
2/8/2023,13:25:00,131.0096,9.18,14.496656,0.99694,0.12
2/8/2023,13:30:00,132.5488,9.18,14.490659,0.99694,0.12
2/8/2023,13:35:00,139.416,9.26,14.519635,0.99697,0.12
2/8/2023,13:40:00,150.5456,9.14,14.521634,0.99681,0.12
2/8/2023,13:45:00,195.0048,9.44,14.498652,0.99662,0.12
2/8/2023,13:50:00,267.9392,9.99,14.555609,0.99647,0.12
2/8/2023,13:55:00,244.1408,9.91,14.522634,0.99631,0.12
2/8/2023,14:00:00,202.1088,9.65,14.526633,0.99634,0.12
2/8/2023,14:05:00,97.7392,9.39,14.512644,0.99649,0.12
2/8/2023,14:10:00,161.8528,9.48,14.507646,0.99647,0.12
2/8/2023,14:15:00,197.728,9.52,14.489664,0.99615,0.12
2/8/2023,14:20:00,308.5504,9.65,14.493658,0.99599,0.12
2/8/2023,14:25:00,156.7616,9.69,14.471678,0.99605,0.12
2/8/2023,14:30:00,112.6576,9.61,14.458688,0.99589,0.12
2/8/2023,14:35:00,124.7936,9.52,14.39274,0.99605,0.12
2/8/2023,14:40:00,84.3304,9.52,14.408727,0.99608,0.12
2/8/2023,14:45:00,91.3752,9.61,14.377751,0.996,0.12
2/8/2023,14:50:00,133.6736,9.35,14.33079,0.99598,0.12
2/8/2023,14:55:00,108.8688,9.99,14.337781,0.99598,0.12
2/8/2023,15:00:00,140.7776,9.99,14.286822,0.99579,0.12
2/8/2023,15:05:00,90.2504,9.86,14.286823,0.99579,0.12
2/8/2023,15:10:00,89.3328,9.65,14.289822,0.99579,0.12
2/8/2023,15:15:00,98.9528,9.69,14.300813,0.99595,0.12
2/8/2023,15:20:00,58.1344,9.31,14.307808,0.99608,0.12
2/8/2023,15:25:00,77.6704,9.39,14.352772,0.99589,0.12
2/8/2023,15:30:00,58.7856,9.22,14.34378,0.99586,0.12
2/8/2023,15:35:00,75.332,9.26,14.349775,0.99554,0.12
2/8/2023,15:40:00,82.3768,9.39,14.365761,0.9957,0.12
2/8/2023,15:45:00,62.3968,9.39,14.352773,0.99567,0.12
2/8/2023,15:50:00,61.6568,9.44,14.413724,0.99549,0.12
2/8/2023,15:55:00,59.2444,9.56,14.367774,0.99533,0.12
2/8/2023,16:00:00,37.9324,9.31,13.9661,0.99533,0.12
2/8/2023,16:05:00,31.1836,9.05,13.802228,0.99533,0.12
2/8/2023,16:10:00,25.8704,9.31,13.749271,0.9952,0.12
2/8/2023,16:15:00,27.6908,9.18,13.700311,0.9952,0.12
2/8/2023,16:20:00,30.8876,9.18,13.654347,0.99504,0.12
2/8/2023,16:25:00,29.9774,9.35,13.628372,0.99501,0.12
2/8/2023,16:30:00,33.9512,9.65,13.55644,0.99501,0.12
2/8/2023,16:35:00,24.9602,9.78,13.486499,0.99501,0.12
2/8/2023,16:40:00,15.0849,9.65,13.455526,0.99498,0.12
2/8/2023,16:45:00,7.15025,10.38,13.399571,0.99498,0.12
2/8/2023,16:50:00,9.398,10.81,13.275674,0.9948,0.12
2/8/2023,16:55:00,10.7263,10.94,13.216719,0.99477,0.12
2/8/2023,17:00:00,7.8329,10.94,13.145774,0.99492,0.12
2/8/2023,17:05:00,6.99855,11.02,13.109804,0.99445,0.12
2/8/2023,17:10:00,4.9765,10.89,13.080829,0.99445,0.12
2/8/2023,17:15:00,2.62145,10.72,13.043862,0.99413,0.12
2/8/2023,17:20:00,2.35505,10.55,12.967934,0.99413,0.12
2/8/2023,17:25:00,1.13405,10.46,12.921977,0.99429,0.12
2/8/2023,17:30:00,0.26455,10.12,12.860038,0.99429,0.12
2/8/2023,17:35:00,0.14985,9.78,12.789107,0.99413,0.12
2/8/2023,17:40:00,0,9.82,12.636245,0.99429,0.12
2/8/2023,17:45:00,0,9.91,12.563306,0.99429,0.12
2/8/2023,17:50:00,0,9.91,12.502356,0.99442,0.12
2/8/2023,17:55:00,0,9.95,12.441405,0.99408,0.12
2/8/2023,18:00:00,0,9.91,12.505354,0.99408,0.12
2/8/2023,18:05:00,0,9.99,12.467381,0.99405,0.12
2/8/2023,18:10:00,0,10.04,12.414427,0.99436,0.12
2/8/2023,18:15:00,0,9.99,12.403437,0.99418,0.12
2/8/2023,18:20:00,0,9.99,12.361474,0.99418,0.12
2/8/2023,18:25:00,0,10.08,12.336491,0.99418,0.12
2/8/2023,18:30:00,0,10.08,12.334492,0.99418,0.12
2/8/2023,18:35:00,0,10.08,12.295525,0.99431,0.12
2/8/2023,18:40:00,0,10.29,12.281534,0.99415,0.12
2/8/2023,18:45:00,0,10.16,12.276537,0.99396,0.12
2/8/2023,18:50:00,0,10.04,12.270544,0.99412,0.12
2/8/2023,18:55:00,0,10.04,12.210593,0.99409,0.12
2/8/2023,19:00:00,0,10.04,12.217581,0.99409,0.12
2/8/2023,19:05:00,0,10.08,12.200595,0.99393,0.12
2/8/2023,19:10:00,0,10.04,12.200594,0.99393,0.12
2/8/2023,19:15:00,0,10.12,12.212583,0.99393,0.12
2/8/2023,19:20:00,0,9.95,12.204587,0.99377,0.12
2/8/2023,19:25:00,0,10.04,12.230563,0.99351,0.12
2/8/2023,19:30:00,0,10.21,12.241548,0.99354,0.12
2/8/2023,19:35:00,0,10.21,12.267525,0.99331,0.12
2/8/2023,19:40:00,0,10.08,12.275515,0.99318,0.12
2/8/2023,19:45:00,0,9.99,12.311481,0.993,0.12
2/8/2023,19:50:00,0,9.99,12.358439,0.99315,0.12
2/8/2023,19:55:00,0,10.08,12.371428,0.993,0.12
2/8/2023,20:00:00,0,9.86,12.392407,0.99318,0.12
2/8/2023,20:05:00,0,10.04,12.41139,0.99287,0.12
2/8/2023,20:10:00,0,9.74,12.400398,0.99271,0.12
2/8/2023,20:15:00,0,9.56,12.449356,0.99255,0.12
2/8/2023,20:20:00,0,9.86,12.432366,0.99258,0.12
2/8/2023,20:25:00,0,9.91,12.490318,0.99226,0.12
2/8/2023,20:30:00,0,9.95,12.493315,0.99213,0.12
2/8/2023,20:35:00,0,9.86,12.512298,0.99229,0.12
2/8/2023,20:40:00,0,9.86,12.513296,0.9921,0.12
2/8/2023,20:45:00,0,9.65,12.529283,0.9921,0.12
2/8/2023,20:50:00,0,9.82,12.544273,0.99229,0.12
2/8/2023,20:55:00,0,9.65,12.548269,0.99216,0.12
2/8/2023,21:00:00,0,9.82,12.56825,0.99219,0.12
2/8/2023,21:05:00,0,9.69,12.615207,0.99206,0.12
2/8/2023,21:10:00,0,9.65,12.627197,0.99177,0.12
2/8/2023,21:15:00,0,9.74,12.63519,0.99196,0.12
2/8/2023,21:20:00,0,9.82,12.63719,0.99183,0.12
2/8/2023,21:25:00,0,9.86,12.64518,0.99154,0.12
2/8/2023,21:30:00,0,9.78,12.657165,0.9917,0.12
2/8/2023,21:35:00,0,9.74,12.692134,0.9916,0.12
2/8/2023,21:40:00,0,9.74,12.7341,0.99144,0.12
2/8/2023,21:45:00,0,9.82,12.723106,0.99128,0.12
2/8/2023,21:50:00,0,9.65,12.757075,0.99115,0.12
2/8/2023,21:55:00,0,9.74,12.764067,0.99115,0.12
2/8/2023,22:00:00,0,9.74,12.783051,0.99099,0.12
2/8/2023,22:05:00,0,9.52,12.804032,0.99115,0.12
2/8/2023,22:10:00,0,9.65,12.811025,0.99112,0.12
2/8/2023,22:15:00,0,9.56,12.832006,0.99099,0.12
2/8/2023,22:20:00,0,9.61,12.855985,0.99096,0.12
2/8/2023,22:25:00,0,9.65,12.875966,0.99096,0.12
2/8/2023,22:30:00,0,9.35,12.916932,0.99096,0.12
2/8/2023,22:35:00,0,9.44,12.954904,0.99096,0.12
2/8/2023,22:40:00,0,9.52,12.926928,0.99078,0.12
2/8/2023,22:45:00,0,9.35,12.949907,0.99093,0.12
2/8/2023,22:50:00,0,9.48,12.9579,0.99093,0.12
2/8/2023,22:55:00,0,9.82,12.993871,0.99093,0.12
2/8/2023,23:00:00,0,9.52,13.016852,0.99093,0.12
2/8/2023,23:05:00,0,9.52,13.056821,0.99078,0.12
2/8/2023,23:10:00,0,9.82,13.056819,0.99075,0.12
2/8/2023,23:15:00,0,9.69,13.097788,0.99078,0.12
2/8/2023,23:20:00,0,9.78,13.119773,0.99091,0.12
2/8/2023,23:25:00,0,9.78,13.106783,0.99104,0.12
2/8/2023,23:30:00,0,9.86,13.081815,0.99085,0.12
2/8/2023,23:35:00,0,9.82,12.97292,0.99082,0.12
2/8/2023,23:40:00,0,9.74,12.971913,0.99079,0.12
2/8/2023,23:45:00,0,9.52,13.03785,0.99076,0.12
2/8/2023,23:50:00,0,9.35,13.020865,0.99108,0.12
2/8/2023,23:55:00,0,9.35,13.02187,0.99124,0.12
2/9/2023,0:00:00,0,9.35,13.128797,0.99108,0.12
2/9/2023,0:05:00,0,9.65,13.100826,0.99079,0.12
2/9/2023,0:10:00,0,9.69,13.123809,0.99082,0.12
2/9/2023,0:15:00,0,9.65,12.958945,0.99088,0.12
2/9/2023,0:20:00,0,9.95,12.868018,0.99056,0.12
2/9/2023,0:25:00,0,10.12,12.91698,0.99091,0.12
2/9/2023,0:30:00,0,10.12,12.86902,0.99062,0.12
2/9/2023,0:35:00,0,10.08,12.839045,0.99065,0.12
2/9/2023,0:40:00,0,10.12,12.815064,0.99068,0.12
2/9/2023,0:45:00,0,10.34,12.778092,0.99055,0.12
2/9/2023,0:50:00,0,10.42,12.748116,0.99089,0.12
2/9/2023,0:55:00,0,10.51,12.724134,0.99089,0.12
2/9/2023,1:00:00,0,10.34,12.71314,0.99127,0.12
2/9/2023,1:05:00,0,10.25,12.72213,0.99117,0.12
2/9/2023,1:10:00,0,10.25,12.710135,0.99114,0.12
2/9/2023,1:15:00,0,10.29,12.724121,0.99098,0.12
2/9/2023,1:20:00,0,10.04,12.816039,0.99085,0.12
2/9/2023,1:25:00,0,10.12,12.824027,0.99104,0.12
2/9/2023,1:30:00,0,10.51,12.78306,0.99091,0.12
2/9/2023,1:35:00,0,10.42,12.815035,0.99072,0.12
2/9/2023,1:40:00,0,10.72,12.823032,0.99059,0.12
2/9/2023,1:45:00,0,10.68,12.800053,0.99075,0.12
2/9/2023,1:50:00,0,10.68,12.803048,0.99037,0.12
2/9/2023,1:55:00,0,10.38,12.82403,0.99043,0.12
2/9/2023,2:00:00,0,10.21,12.868988,0.99043,0.12
2/9/2023,2:05:00,0,10.08,12.911949,0.99011,0.12
2/9/2023,2:10:00,0,10.29,12.936924,0.9898,0.12
2/9/2023,2:15:00,0,10.42,12.947911,0.98945,0.12
2/9/2023,2:20:00,0,10.59,13.002861,0.98895,0.12
2/9/2023,2:25:00,0,10.29,13.042827,0.98879,0.12
2/9/2023,2:30:00,0,10.04,13.054814,0.9886,0.12
2/9/2023,2:35:00,0,9.99,13.046819,0.9886,0.12
2/9/2023,2:40:00,0,10.29,13.034832,0.9881,0.12
2/9/2023,2:45:00,0,10.04,13.031833,0.98826,0.12
2/9/2023,2:50:00,0,10.16,12.998865,0.98813,0.12
2/9/2023,2:55:00,0,10.38,12.966892,0.98797,0.12
2/9/2023,3:00:00,0,10.04,12.968891,0.98797,0.12
2/9/2023,3:05:00,0,9.99,12.928925,0.98816,0.12
2/9/2023,3:10:00,0,10.12,12.916939,0.988,0.12
2/9/2023,3:15:00,0,10.08,12.864985,0.98787,0.12
2/9/2023,3:20:00,0,9.91,12.849,0.98755,0.12
2/9/2023,3:25:00,0,9.91,12.844003,0.98723,0.12
2/9/2023,3:30:00,0,10.16,12.828018,0.98721,0.12
2/9/2023,3:35:00,0,10.04,12.824023,0.98752,0.12
2/9/2023,3:40:00,0,10.12,12.809038,0.98739,0.12
2/9/2023,3:45:00,0,10.12,12.796051,0.98736,0.12
2/9/2023,3:50:00,0,10.12,12.769074,0.98736,0.12
2/9/2023,3:55:00,0,10.16,12.733105,0.98733,0.12
2/9/2023,4:00:00,0,10.08,12.767071,0.98721,0.12
2/9/2023,4:05:00,0,9.99,12.785051,0.98673,0.12
2/9/2023,4:10:00,0,10.16,12.751079,0.98705,0.12
2/9/2023,4:15:00,0,10.08,12.713113,0.98689,0.12
2/9/2023,4:20:00,0,9.95,12.719109,0.98689,0.12
2/9/2023,4:25:00,0,9.99,12.692133,0.98676,0.12
2/9/2023,4:30:00,0,9.86,12.657168,0.98673,0.12
2/9/2023,4:35:00,0,9.74,12.630193,0.98676,0.12
2/9/2023,4:40:00,0,9.74,12.649178,0.98692,0.12
2/9/2023,4:45:00,0,9.78,12.622196,0.98695,0.12
2/9/2023,4:50:00,0,9.82,12.598217,0.98679,0.12
2/9/2023,4:55:00,0,9.74,12.591221,0.9866,0.12
2/9/2023,5:00:00,0,9.82,12.604212,0.9866,0.12
2/9/2023,5:05:00,0,9.82,12.563247,0.9866,0.12
2/9/2023,5:10:00,0,9.95,12.554255,0.98644,0.12
2/9/2023,5:15:00,0,9.91,12.541261,0.98628,0.12
2/9/2023,5:20:00,0,9.99,12.548251,0.98631,0.12
2/9/2023,5:25:00,0,9.78,12.531265,0.98631,0.12
2/9/2023,5:30:00,0,9.91,12.551251,0.98647,0.12
2/9/2023,5:35:00,0,9.91,12.517283,0.98663,0.12
2/9/2023,5:40:00,0,9.86,12.510288,0.98647,0.12
2/9/2023,5:45:00,0,9.69,12.527273,0.98676,0.12
2/9/2023,5:50:00,0,9.74,12.489307,0.9866,0.12
2/9/2023,5:55:00,0,9.74,12.456338,0.9866,0.12
2/9/2023,6:00:00,0,9.86,12.642198,0.98682,0.12
2/9/2023,6:05:00,0,9.99,12.598234,0.98666,0.12
2/9/2023,6:10:00,0,9.91,12.543274,0.98695,0.12
2/9/2023,6:15:00,0,9.86,12.557264,0.98679,0.12
2/9/2023,6:20:00,0,10.04,12.555268,0.98723,0.12
2/9/2023,6:25:00,0,9.95,12.489315,0.98736,0.12
2/9/2023,6:30:00,0.037,9.86,12.510302,0.98749,0.12
2/9/2023,6:35:00,0.3404,10.04,12.50531,0.98746,0.12
2/9/2023,6:40:00,0.3404,9.91,12.45635,0.98744,0.12
2/9/2023,6:45:00,1.1729,9.95,12.434371,0.98712,0.12
2/9/2023,6:50:00,1.3616,9.95,12.409393,0.98712,0.12
2/9/2023,6:55:00,6.8413,9.99,12.354432,0.98731,0.12
2/9/2023,7:00:00,5.47415,9.82,12.369422,0.98715,0.12
2/9/2023,7:05:00,14.8296,9.95,12.376422,0.98731,0.12
2/9/2023,7:10:00,7.7219,9.91,12.314477,0.98731,0.12
2/9/2023,7:15:00,12.2433,10.04,12.24853,0.98731,0.12
2/9/2023,7:20:00,5.0912,10.12,12.213561,0.98762,0.12
2/9/2023,7:25:00,4.62685,9.95,12.183586,0.98762,0.12
2/9/2023,7:30:00,14.1562,10.04,12.161606,0.98794,0.12
2/9/2023,7:35:00,4.2106,10.12,12.120638,0.9881,0.12
2/9/2023,7:40:00,13.1535,10.16,12.119641,0.98841,0.12
2/9/2023,7:45:00,16.4428,9.95,12.038705,0.98839,0.12
2/9/2023,7:50:00,27.5354,9.86,12.018721,0.98854,0.12
2/9/2023,7:55:00,95.904,10.29,11.835879,0.98839,0.12
2/9/2023,8:00:00,93.6544,10.38,11.722972,0.98839,0.12
2/9/2023,8:05:00,79.624,10.38,11.66102,0.98852,0.12
2/9/2023,8:10:00,128.168,10.12,11.688991,0.98833,0.12
2/9/2023,8:15:00,64.676,10.04,11.736951,0.98836,0.12
2/9/2023,8:20:00,85.988,9.91,11.738948,0.98849,0.12
2/9/2023,8:25:00,96.9696,9.95,11.712973,0.98846,0.12
2/9/2023,8:30:00,142.968,9.86,11.642034,0.98856,0.12
2/9/2023,8:35:00,340.0448,10.51,11.532128,0.98853,0.12
2/9/2023,8:40:00,487.808,10.81,11.464187,0.98853,0.12
2/9/2023,8:45:00,587.9744,11.07,11.403241,0.98866,0.12
2/9/2023,8:50:00,595.7888,11.49,11.352284,0.98866,0.12
2/9/2023,8:55:00,603.84,11.37,11.263358,0.98879,0.12
2/9/2023,9:00:00,568.0832,11.71,11.204407,0.98882,0.12
2/9/2023,9:05:00,601.9456,11.79,11.170438,0.98901,0.12
2/9/2023,9:10:00,569.2672,11.49,11.172435,0.98916,0.12
2/9/2023,9:15:00,664.9344,11.11,11.169437,0.98898,0.12
2/9/2023,9:20:00,701.8752,11.58,11.110489,0.98914,0.12
2/9/2023,9:25:00,776.9408,11.79,11.105499,0.98929,0.12
2/9/2023,9:30:00,762.9696,11.54,11.053542,0.98916,0.12
2/9/2023,9:35:00,807.2512,11.67,11.033564,0.98935,0.12
2/9/2023,9:40:00,471.824,11.92,11.023573,0.98922,0.12
2/9/2023,9:45:00,811.04,12.14,10.932653,0.9896,0.12
2/9/2023,9:50:00,761.312,12.18,10.912674,0.98937,0.12
2/9/2023,9:55:00,790.4384,12.18,10.890694,0.98951,0.12
2/9/2023,10:00:00,835.1936,12.44,10.878707,0.98968,0.12
2/9/2023,10:05:00,266.0448,12.4,10.883706,0.98977,0.12
2/9/2023,10:10:00,977.984,12.01,10.858729,0.9901,0.12
2/9/2023,10:15:00,1042.3936,13.25,10.815771,0.99042,0.12
2/9/2023,10:20:00,1023.4496,12.52,10.824765,0.99042,0.12
2/9/2023,10:25:00,961.6448,13.98,10.849753,0.99052,0.12
2/9/2023,10:30:00,1069.8624,13.47,10.833771,0.9905,0.12
2/9/2023,10:35:00,1006.4,12.61,10.912711,0.99049,0.12
2/9/2023,10:40:00,1086.4384,13.64,10.939697,0.99048,0.12
2/9/2023,10:45:00,1092.5952,13.64,10.925708,0.99008,0.12
2/9/2023,10:50:00,1046.656,12.95,10.983665,0.99041,0.12
2/9/2023,10:55:00,862.4256,12.95,10.997666,0.9907,0.12
2/9/2023,11:00:00,1233.728,12.95,10.975688,0.99094,0.12
2/9/2023,11:05:00,1139.008,12.87,10.951714,0.99064,0.12
2/9/2023,11:10:00,1331.2896,12.48,11.018655,0.99024,0.12
2/9/2023,11:15:00,110.8224,13.08,11.004674,0.99049,0.12
2/9/2023,11:20:00,1162.688,13.43,10.986696,0.99097,0.12
2/9/2023,11:25:00,263.9136,13,10.984699,0.99124,0.12
2/9/2023,11:30:00,210.9296,12.61,11.052627,0.99095,0.12
2/9/2023,11:35:00,789.0176,13,11.07263,0.99114,0.12
2/9/2023,11:40:00,614.496,12.65,11.110588,0.99126,0.12
2/9/2023,11:45:00,869.056,12.87,11.062635,0.99137,0.12
2/9/2023,11:50:00,804.1728,12.74,11.011686,0.99107,0.12
2/9/2023,11:55:00,821.2224,13.3,10.99671,0.99111,0.12
2/9/2023,12:00:00,697.6128,13.21,11.358444,0.99105,0.12
2/9/2023,12:05:00,980.352,13.6,11.382434,0.99115,0.12
2/9/2023,12:10:00,979.8784,13.81,11.219553,0.99109,0.12
2/9/2023,12:15:00,848.4544,13.38,11.181589,0.99122,0.12
2/9/2023,12:20:00,858.8736,13.34,11.363447,0.99104,0.12
2/9/2023,12:25:00,749.7088,13.47,11.668206,0.99132,0.12
2/9/2023,12:30:00,816.96,13.51,11.650236,0.99129,0.12
2/9/2023,12:35:00,870.9504,13.21,11.742147,0.99127,0.12
2/9/2023,12:40:00,661.856,12.87,11.711174,0.99158,0.12
2/9/2023,12:45:00,423.28,12.7,11.61324,0.9914,0.12
2/9/2023,12:50:00,310.6816,12.48,11.547302,0.99153,0.12
2/9/2023,12:55:00,331.1648,12.74,11.468377,0.99165,0.12
2/9/2023,13:00:00,107.4184,12.35,11.456388,0.99118,0.12
2/9/2023,13:05:00,160.0176,12.52,11.391438,0.99134,0.12
2/9/2023,13:10:00,573.5296,12.87,11.435398,0.99134,0.12
2/9/2023,13:15:00,293.3952,12.91,11.489356,0.99165,0.12
2/9/2023,13:20:00,276.1088,12.52,11.425407,0.99165,0.12
2/9/2023,13:25:00,496.5696,12.7,11.372446,0.99181,0.12
2/9/2023,13:30:00,398.5344,12.65,11.469366,0.99165,0.12
2/9/2023,13:35:00,198.024,12.44,11.494351,0.99178,0.12
2/9/2023,13:40:00,477.5072,13.04,11.395441,0.9921,0.12
2/9/2023,13:45:00,312.3392,13.04,11.334489,0.99207,0.12
2/9/2023,13:50:00,336.1376,13.04,11.279534,0.99223,0.12
2/9/2023,13:55:00,281.5552,13.12,11.209598,0.9922,0.12
2/9/2023,14:00:00,332.2304,12.87,11.22759,0.99252,0.12
2/9/2023,14:05:00,323.232,12.78,11.247571,0.99265,0.12
2/9/2023,14:10:00,182.2768,12.4,11.280532,0.99265,0.12
2/9/2023,14:15:00,138.528,12.35,11.346485,0.99265,0.12
2/9/2023,14:20:00,91.612,12.35,11.236578,0.99265,0.12
2/9/2023,14:25:00,99.2488,12.48,11.237576,0.99278,0.12
2/9/2023,14:30:00,80.7784,12.35,11.291525,0.9931,0.12
2/9/2023,14:35:00,75.0064,12.18,11.333479,0.9931,0.12
2/9/2023,14:40:00,129.352,12.22,11.308505,0.9932,0.12
2/9/2023,14:45:00,82.0512,12.1,11.286518,0.9932,0.12
2/9/2023,14:50:00,78.4104,12.27,11.280527,0.99335,0.12
2/9/2023,14:55:00,73.6448,12.22,11.233561,0.9932,0.12
2/9/2023,15:00:00,76.8416,12.01,11.263536,0.99351,0.12
2/9/2023,15:05:00,84.3304,12.27,11.149636,0.9938,0.12
2/9/2023,15:10:00,83.7384,12.35,11.12965,0.9938,0.12
2/9/2023,15:15:00,80.9856,12.27,11.193595,0.99364,0.12
2/9/2023,15:20:00,77.9072,12.14,11.148629,0.9938,0.12
2/9/2023,15:25:00,79.476,12.18,11.157623,0.99396,0.12
2/9/2023,15:30:00,70.7736,12.14,11.135639,0.99412,0.12
2/9/2023,15:35:00,68.82,11.97,11.137633,0.99428,0.12
2/9/2023,15:40:00,58.2528,11.97,11.144619,0.99425,0.12
2/9/2023,15:45:00,63.0184,11.97,11.180583,0.99425,0.12
2/9/2023,15:50:00,62.8704,12.1,11.23354,0.99425,0.12
2/9/2023,15:55:00,63.788,12.1,11.166603,0.99441,0.12
2/9/2023,16:00:00,60.2656,12.1,11.116647,0.99441,0.12
2/9/2023,16:05:00,55.2632,12.05,11.022725,0.99454,0.12
2/9/2023,16:10:00,62.3968,12.1,10.983759,0.99485,0.12
2/9/2023,16:15:00,58.1344,12.35,10.885839,0.99498,0.12
2/9/2023,16:20:00,55.4112,12.35,10.879843,0.99498,0.12
2/9/2023,16:25:00,54.02,12.1,10.788911,0.99514,0.12
2/9/2023,16:30:00,54.1976,12.27,10.790907,0.99527,0.12
2/9/2023,16:35:00,47.0492,11.97,10.725956,0.99527,0.12
2/9/2023,16:40:00,43.2308,12.14,10.724952,0.9954,0.12
2/9/2023,16:45:00,37.6216,11.92,10.733941,0.9954,0.12
2/9/2023,16:50:00,39.59,11.88,10.72894,0.99556,0.12
2/9/2023,16:55:00,32.5452,11.97,10.723942,0.99569,0.12
2/9/2023,17:00:00,22.6514,11.88,10.704956,0.99569,0.12
2/9/2023,17:05:00,20.3796,11.71,10.674979,0.99566,0.12
2/9/2023,17:10:00,16.1246,11.88,10.641008,0.99579,0.12
2/9/2023,17:15:00,11.0223,11.79,10.618023,0.99579,0.12
2/9/2023,17:20:00,6.57675,11.67,10.601035,0.99608,0.12
2/9/2023,17:25:00,3.64265,11.45,10.560066,0.99624,0.12
2/9/2023,17:30:00,1.7834,11.54,10.577047,0.99621,0.12
2/9/2023,17:35:00,0.7178,11.54,10.625984,0.99637,0.12
2/9/2023,17:40:00,0.1887,11.62,10.815813,0.99665,0.12
2/9/2023,17:45:00,0,11.62,10.881772,0.99663,0.12
2/9/2023,17:50:00,0,11.45,10.780867,0.99663,0.12
2/9/2023,17:55:00,0,11.45,10.65897,0.99678,0.12
2/9/2023,18:00:00,0,11.41,10.226303,0.99676,0.12
2/9/2023,18:05:00,0,11.67,10.195328,0.99691,0.12
2/9/2023,18:10:00,0,11.58,10.178341,0.99707,0.12
2/9/2023,18:15:00,0,11.49,10.031455,0.99704,0.12
2/9/2023,18:20:00,0,11.54,9.94552,0.9972,0.12
2/9/2023,18:25:00,0,11.54,9.914542,0.99749,0.12
2/9/2023,18:30:00,0,11.54,9.924527,0.99749,0.12
2/9/2023,18:35:00,0,11.54,9.985475,0.99749,0.12
2/9/2023,18:40:00,0,11.58,10.032436,0.99749,0.12
2/9/2023,18:45:00,0,11.37,10.031433,0.99749,0.12
2/9/2023,18:50:00,0,11.32,10.199285,0.99762,0.12
2/9/2023,18:55:00,0,11.28,10.206282,0.99762,0.12
2/9/2023,19:00:00,0,11.41,10.100372,0.99778,0.12
2/9/2023,19:05:00,0,11.32,10.028435,0.99762,0.12
2/9/2023,19:10:00,0,11.15,9.974478,0.99762,0.12
2/9/2023,19:15:00,0,11.28,9.964485,0.99778,0.12
2/9/2023,19:20:00,0,11.24,9.960487,0.99794,0.12
2/9/2023,19:25:00,0,11.24,9.951493,0.99809,0.12
2/9/2023,19:30:00,0,11.19,9.943497,0.99807,0.12
2/9/2023,19:35:00,0,11.19,9.921514,0.99791,0.12
2/9/2023,19:40:00,0,11.11,9.891537,0.99791,0.12
2/9/2023,19:45:00,0,11.15,9.893532,0.99807,0.12
2/9/2023,19:50:00,0,11.24,9.868551,0.99807,0.12
2/9/2023,19:55:00,0,11.24,9.849564,0.99807,0.12
2/9/2023,20:00:00,0,11.28,9.861553,0.99807,0.12
2/9/2023,20:05:00,0,11.37,9.818584,0.99807,0.12
2/9/2023,20:10:00,0,11.19,9.805594,0.99807,0.12
2/9/2023,20:15:00,0,11.24,9.795601,0.99822,0.12
2/9/2023,20:20:00,0,11.11,9.775616,0.99835,0.12
2/9/2023,20:25:00,0,11.11,9.785607,0.9982,0.12
2/9/2023,20:30:00,0,11.19,9.755628,0.99851,0.12
2/9/2023,20:35:00,0,11.11,9.762622,0.99833,0.12
2/9/2023,20:40:00,0,11.11,9.760621,0.99833,0.12
2/9/2023,20:45:00,0,10.98,9.764618,0.99848,0.12
2/9/2023,20:50:00,0,10.85,9.752625,0.9983,0.12
2/9/2023,20:55:00,0,10.94,9.77261,0.9983,0.12
2/9/2023,21:00:00,0,10.89,9.747628,0.99846,0.12
2/9/2023,21:05:00,0,10.85,9.752622,0.99846,0.12
2/9/2023,21:10:00,0,10.85,9.75562,0.99846,0.12
2/9/2023,21:15:00,0,10.94,9.752621,0.99877,0.12
2/9/2023,21:20:00,0,10.98,9.771606,0.99874,0.12
2/9/2023,21:25:00,0,10.94,9.76461,0.99843,0.12
2/9/2023,21:30:00,0,10.81,9.786593,0.99859,0.12
2/9/2023,21:35:00,0,10.89,9.777599,0.99859,0.12
2/9/2023,21:40:00,0,10.94,9.80158,0.9989,0.12
2/9/2023,21:45:00,0,10.94,9.794585,0.9989,0.12
2/9/2023,21:50:00,0,10.77,9.828559,0.99872,0.12
2/9/2023,21:55:00,0,10.72,9.85254,0.99859,0.12
2/9/2023,22:00:00,0,10.85,9.82656,0.99887,0.12
2/9/2023,22:05:00,0,11.07,9.853537,0.99887,0.12
2/9/2023,22:10:00,0,10.94,9.869523,0.99887,0.12
2/9/2023,22:15:00,0,10.77,9.87252,0.99885,0.12
2/9/2023,22:20:00,0,10.77,9.871521,0.999,0.12
2/9/2023,22:25:00,0,10.72,9.901496,0.999,0.12
2/9/2023,22:30:00,0,10.72,9.925476,0.99885,0.12
2/9/2023,22:35:00,0,10.72,9.932469,0.99885,0.12
2/9/2023,22:40:00,0,10.64,9.903491,0.99885,0.12
2/9/2023,22:45:00,0,10.81,9.909485,0.99885,0.12
2/9/2023,22:50:00,0,10.81,9.896495,0.999,0.12
2/9/2023,22:55:00,0,10.77,9.903487,0.99916,0.12
2/9/2023,23:00:00,0,10.64,9.912479,0.99913,0.12
2/9/2023,23:05:00,0,10.64,9.890495,0.99929,0.12
2/9/2023,23:10:00,0,10.64,9.885498,0.99929,0.12
2/9/2023,23:15:00,0,10.59,9.872508,0.99942,0.12
2/9/2023,23:20:00,0,10.55,9.886496,0.9991,0.12
2/9/2023,23:25:00,0,10.55,9.884497,0.9991,0.12
2/9/2023,23:30:00,0,10.55,9.885494,0.9991,0.12
2/9/2023,23:35:00,0,10.55,9.880498,0.99926,0.12
2/9/2023,23:40:00,0,10.59,9.899483,0.99942,0.12
2/9/2023,23:45:00,0,10.55,9.931457,0.99939,0.12
2/9/2023,23:50:00,0,10.85,9.941443,0.99936,0.12
2/9/2023,23:55:00,0,10.77,10.046358,0.99936,0.12
2/10/2023,0:00:00,0,10.59,10.147279,0.99936,0.12
2/10/2023,0:05:00,0,10.55,10.156269,0.99949,0.12
2/10/2023,0:10:00,0,10.64,10.311152,0.99962,0.12
2/10/2023,0:15:00,0,10.68,10.386094,0.99978,0.12
2/10/2023,0:20:00,0,10.64,10.468032,0.9996,0.12
2/10/2023,0:25:00,0,10.55,10.424064,0.9996,0.12
2/10/2023,0:30:00,0,10.55,10.525985,0.9996,0.12
2/10/2023,0:35:00,0,10.51,10.506997,0.99957,0.12
2/10/2023,0:40:00,0,10.64,10.624909,0.99973,0.12
2/10/2023,0:45:00,0,10.51,10.480016,0.99986,0.12
2/10/2023,0:50:00,0,10.51,10.581937,0.99999,0.12
2/10/2023,0:55:00,0,10.46,10.591927,1.00009,0.12
2/10/2023,1:00:00,0,10.46,10.524975,1.00009,0.12
2/10/2023,1:05:00,0,10.25,10.679858,1.00038,0.12
2/10/2023,1:10:00,0,10.08,10.684851,1.00051,0.12
2/10/2023,1:15:00,0,9.99,10.729818,1.00079,0.12
2/10/2023,1:20:00,0,9.95,10.750802,1.00089,0.12
2/10/2023,1:25:00,0,9.91,10.779779,1.001,0.12
2/10/2023,1:30:00,0,9.86,10.799765,1.00126,0.12
2/10/2023,1:35:00,0,9.74,10.807759,1.00104,0.12
2/10/2023,1:40:00,0,9.78,10.812756,1.00162,0.12
2/10/2023,1:45:00,0,9.74,10.819748,1.00188,0.12
2/10/2023,1:50:00,0,9.74,10.821751,1.00214,0.12
2/10/2023,1:55:00,0,9.82,10.850729,1.00221,0.12
2/10/2023,2:00:00,0,9.74,10.841736,1.0025,0.12
2/10/2023,2:05:00,0,9.74,10.833739,1.00215,0.12
2/10/2023,2:10:00,0,9.74,10.856717,1.00184,0.12
2/10/2023,2:15:00,0,9.65,10.850723,1.00273,0.12
2/10/2023,2:20:00,0,9.61,10.885696,1.00226,0.12
2/10/2023,2:25:00,0,9.56,10.886697,1.00283,0.12
2/10/2023,2:30:00,0,9.69,10.886696,1.00188,0.12
2/10/2023,2:35:00,0,9.74,10.905678,1.00312,0.12
2/10/2023,2:40:00,0,9.65,10.91367,1.00325,0.12
2/10/2023,2:45:00,0,9.56,10.915668,1.00367,0.12
2/10/2023,2:50:00,0,9.52,10.927658,1.0038,0.12
2/10/2023,2:55:00,0,9.56,10.924661,1.00155,0.12
2/10/2023,3:00:00,0,9.52,10.896684,1.00237,0.12
2/10/2023,3:05:00,0,9.52,10.914667,1.00342,0.12
2/10/2023,3:10:00,0,9.56,10.926656,1.00358,0.12
2/10/2023,3:15:00,0,9.48,10.912668,1.00124,0.12
2/10/2023,3:20:00,0,9.48,10.904673,1.00095,0.12
2/10/2023,3:25:00,0,9.44,10.904674,1.00174,0.12
2/10/2023,3:30:00,0,9.35,10.878693,1.00187,0.12
2/10/2023,3:35:00,0,9.39,10.884687,1.00111,0.12
2/10/2023,3:40:00,0,9.39,10.910664,1.00158,0.12
2/10/2023,3:45:00,0,9.48,10.871693,1.0014,0.12
2/10/2023,3:50:00,0,9.44,10.858702,1.00345,0.12
2/10/2023,3:55:00,0,9.39,10.87069,1.0039,0.12
2/10/2023,4:00:00,0,9.39,10.874686,1.00368,0.12
2/10/2023,4:05:00,0,9.48,10.870689,1.0015,0.12
2/10/2023,4:10:00,0,9.48,10.886675,1.00384,0.12
2/10/2023,4:15:00,0,9.35,10.888672,1.00381,0.12
2/10/2023,4:20:00,0,9.35,10.88867,1.00461,0.12
2/10/2023,4:25:00,0,9.35,10.926639,1.00223,0.12
2/10/2023,4:30:00,0,9.31,10.940629,1.0035,0.12
2/10/2023,4:35:00,0,9.18,10.967607,1.00518,0.12
2/10/2023,4:40:00,0,9.26,10.980599,1.00249,0.12
2/10/2023,4:45:00,0,9.31,10.962611,1.00205,0.12
2/10/2023,4:50:00,0,9.14,10.978598,1.00423,0.12
2/10/2023,4:55:00,0,9.22,10.978598,1.00218,0.12
2/10/2023,5:00:00,0,9.22,10.9746,1.00157,0.12
2/10/2023,5:05:00,0,9.26,10.977596,1.00233,0.12
2/10/2023,5:10:00,0,9.18,10.965604,1.00189,0.12
2/10/2023,5:15:00,0,9.14,10.938623,1.00331,0.12
2/10/2023,5:20:00,0,9.18,10.945617,1.00268,0.12
2/10/2023,5:25:00,0,9.18,10.931625,1.00363,0.12
2/10/2023,5:30:00,0,9.14,10.880665,1.00471,0.12
2/10/2023,5:35:00,0,9.14,10.880665,1.00515,0.12
2/10/2023,5:40:00,0,9.05,10.881663,1.00449,0.12
2/10/2023,5:45:00,0,9.05,10.877664,1.00605,0.12
2/10/2023,5:50:00,0,9.09,10.868672,1.00694,0.12
2/10/2023,5:55:00,0,9.05,10.836696,1.00659,0.12
2/10/2023,6:00:00,0,9.05,10.825702,1.00751,0.12
2/10/2023,6:05:00,0,9.05,10.836693,1.00828,0.12
2/10/2023,6:10:00,0,9.01,10.84868,1.00809,0.12
2/10/2023,6:15:00,0,9.01,10.842685,1.00569,0.12
2/10/2023,6:20:00,0.037,8.96,10.871662,1.00385,0.12
2/10/2023,6:25:00,0.30155,8.92,10.894642,1.00667,0.12
2/10/2023,6:30:00,0.94535,8.92,10.98357,1.00385,0.12
2/10/2023,6:35:00,2.08125,8.83,11.02354,1.00277,0.12
2/10/2023,6:40:00,3.5298,8.92,11.03453,1.00482,0.12
2/10/2023,6:45:00,5.6203,8.88,11.040526,1.00419,0.12
2/10/2023,6:50:00,8.2029,8.88,11.002555,1.00324,0.12
2/10/2023,6:55:00,11.4774,8.92,10.972578,1.00454,0.12
2/10/2023,7:00:00,14.4596,8.96,10.936605,1.0028,0.12
2/10/2023,7:05:00,17.1828,8.92,10.963583,1.00267,0.12
2/10/2023,7:10:00,18.093,8.96,10.95559,1.00254,0.12
2/10/2023,7:15:00,21.9188,9.05,10.898636,1.00241,0.12
2/10/2023,7:20:00,24.9602,9.01,10.90363,1.00241,0.12
2/10/2023,7:25:00,27.232,9.01,10.883647,1.00259,0.12
2/10/2023,7:30:00,33.3444,9.09,10.845675,1.00228,0.12
2/10/2023,7:35:00,25.8556,9.14,10.817696,1.00215,0.12
2/10/2023,7:40:00,34.2472,9.18,10.807704,1.00218,0.12
2/10/2023,7:45:00,42.5056,9.05,10.816696,1.00268,0.12
2/10/2023,7:50:00,54.8044,9.18,10.848672,1.00331,0.12
2/10/2023,7:55:00,56.4768,9.18,10.922618,1.00255,0.12
2/10/2023,8:00:00,71.5432,9.31,10.911627,1.00226,0.12
2/10/2023,8:05:00,80.8376,9.35,10.917623,1.00289,0.12
2/10/2023,8:10:00,88.4152,9.26,10.89564,1.00229,0.12
2/10/2023,8:15:00,103.4224,9.39,10.895641,1.00248,0.12
2/10/2023,8:20:00,109.4608,9.56,10.916624,1.00216,0.12
2/10/2023,8:25:00,118.7848,9.65,10.944604,1.00219,0.12
2/10/2023,8:30:00,99.1008,9.82,10.995567,1.00237,0.12
2/10/2023,8:35:00,145.3952,9.95,11.021549,1.0024,0.12
2/10/2023,8:40:00,154.808,10.08,11.065517,1.00211,0.12
2/10/2023,8:45:00,189.3808,10.21,11.081506,1.00214,0.12
2/10/2023,8:50:00,213.4752,10.21,11.105489,1.0022,0.12
2/10/2023,8:55:00,286.7648,10.38,11.090503,1.00223,0.12
2/10/2023,9:00:00,358.8704,10.46,11.122475,1.00228,0.12
2/10/2023,9:05:00,318.2592,10.51,11.092498,1.00218,0.12
2/10/2023,9:10:00,629.1776,10.59,11.090501,1.00205,0.12
2/10/2023,9:15:00,387.6416,10.81,11.154454,1.00208,0.12
2/10/2023,9:20:00,308.5504,10.68,11.14147,1.00227,0.12
2/10/2023,9:25:00,589.8688,10.77,11.159458,1.00232,0.12
2/10/2023,9:30:00,534.2208,10.72,11.209421,1.00219,0.12
2/10/2023,9:35:00,150.368,10.77,11.178447,1.00206,0.12
2/10/2023,9:40:00,748.5248,11.15,11.185443,1.00212,0.12
2/10/2023,9:45:00,320.5088,11.11,11.219421,1.00215,0.12
2/10/2023,9:50:00,795.8848,11.88,11.223418,1.00236,0.12
2/10/2023,9:55:00,253.6128,11.49,11.280377,1.00225,0.12
2/10/2023,10:00:00,907.1808,11.24,11.244409,1.00237,0.12
2/10/2023,10:05:00,874.0288,11.32,11.368316,1.00239,0.12
2/10/2023,10:10:00,884.9216,11.45,11.346338,1.00253,0.12
2/10/2023,10:15:00,845.376,11.79,11.389312,1.0025,0.12
2/10/2023,10:20:00,898.656,11.97,11.374328,1.00253,0.12
2/10/2023,10:25:00,902.4448,13.17,11.371335,1.00257,0.12
2/10/2023,10:30:00,959.9872,13.21,11.392325,1.00237,0.12
2/10/2023,10:35:00,898.656,12.44,11.403325,1.0021,0.12
2/10/2023,10:40:00,940.5696,12.22,11.381351,1.002,0.12
2/10/2023,10:45:00,971.8272,12.48,11.210494,1.00193,0.12
2/10/2023,10:50:00,955.0144,12.95,11.265452,1.0021,0.12
2/10/2023,10:55:00,972.7744,13.94,11.322409,1.00195,0.12
2/10/2023,11:00:00,912.6272,13.47,11.411341,1.0018,0.12
2/10/2023,11:05:00,1253.6192,12.65,11.242476,1.0018,0.12
2/10/2023,11:10:00,1013.0304,12.57,11.316421,1.00176,0.12
2/10/2023,11:15:00,1013.504,12.52,11.351394,1.00172,0.12
2/10/2023,11:20:00,952.1728,12.78,11.39436,1.00134,0.12
2/10/2023,11:25:00,959.9872,13.68,11.41135,1.00146,0.12
2/10/2023,11:30:00,995.5072,12.82,11.435334,1.00159,0.12
2/10/2023,11:35:00,959.9872,12.74,11.36939,1.00204,0.12
2/10/2023,11:40:00,804.1728,12.61,11.12858,1.00194,0.12
2/10/2023,11:45:00,741.184,12.35,11.115592,1.00191,0.12
2/10/2023,11:50:00,819.328,12.44,10.909751,1.00166,0.12
2/10/2023,11:55:00,887.2896,12.78,10.979697,1.00171,0.12
2/10/2023,12:00:00,655.2256,12.44,11.15656,1.00148,0.12
2/10/2023,12:05:00,831.6416,12.61,11.196531,1.00136,0.12
2/10/2023,12:10:00,697.1392,12.65,11.199531,1.00141,0.12
2/10/2023,12:15:00,702.5856,12.78,11.20053,1.00129,0.12
2/10/2023,12:20:00,801.8048,13.38,11.234505,1.00108,0.12
2/10/2023,12:25:00,700.6912,12.48,11.267481,1.00086,0.12
2/10/2023,12:30:00,829.7472,12.57,11.295461,1.00083,0.12
2/10/2023,12:35:00,731.4752,12.52,11.275476,1.0008,0.12
2/10/2023,12:40:00,830.9312,12.78,11.245501,1.00093,0.12
2/10/2023,12:45:00,352.1216,12.82,11.321446,1.00077,0.12
2/10/2023,12:50:00,452.7616,12.22,11.255497,1.0009,0.12
2/10/2023,12:55:00,218.5072,12.01,11.198541,1.00075,0.12
2/10/2023,13:00:00,155.2816,11.84,11.151579,1.00059,0.12
2/10/2023,13:05:00,355.4368,12.01,11.147585,1.00059,0.12
2/10/2023,13:10:00,490.8864,12.27,11.255505,1.00075,0.12
2/10/2023,13:15:00,334.5984,12.14,11.153583,1.00059,0.12
2/10/2023,13:20:00,223.6576,12.05,11.010694,1.00059,0.12
2/10/2023,13:25:00,476.9152,12.31,11.003698,1.00059,0.12
2/10/2023,13:30:00,519.776,12.4,11.151589,1.00062,0.12
2/10/2023,13:35:00,202.8784,12.31,11.197556,1.00062,0.12
2/10/2023,13:40:00,517.1712,12.44,11.033681,1.00062,0.12
2/10/2023,13:45:00,366.0928,12.52,11.153591,1.00062,0.12
2/10/2023,13:50:00,460.3392,12.4,11.092636,1.00062,0.12
2/10/2023,13:55:00,288.304,12.35,10.958739,1.0003,0.12
2/10/2023,14:00:00,195.7744,12.22,10.945749,1.00017,0.12
2/10/2023,14:05:00,319.3248,12.14,11.102629,1.00017,0.12
2/10/2023,14:10:00,167.2992,12.1,10.884794,1.00046,0.12
2/10/2023,14:15:00,160.7872,12.1,10.859814,1.00049,0.12
2/10/2023,14:20:00,177.896,12.1,10.880798,1.00062,0.12
2/10/2023,14:25:00,162.4448,12.01,10.942748,1.00046,0.12
2/10/2023,14:30:00,158.3008,12.01,10.919767,1.00077,0.12
2/10/2023,14:35:00,193.9392,12.01,11.028686,1.00077,0.12
2/10/2023,14:40:00,185.7696,12.1,11.023691,1.00062,0.12
2/10/2023,14:45:00,172.272,12.05,11.118618,1.00062,0.12
2/10/2023,14:50:00,176.5344,12.1,11.080646,1.00077,0.12
2/10/2023,14:55:00,156.4064,12.05,11.019695,1.00093,0.12
2/10/2023,15:00:00,196.84,12.05,11.182568,1.00106,0.12
2/10/2023,15:05:00,168.4832,12.05,11.240525,1.00106,0.12
2/10/2023,15:10:00,150.4272,12.01,11.345444,1.00122,0.12
2/10/2023,15:15:00,120.8864,12.01,11.316466,1.00106,0.12
2/10/2023,15:20:00,123.6096,11.97,11.2665,1.00151,0.12
2/10/2023,15:25:00,163.5104,11.92,11.339443,1.00119,0.12
2/10/2023,15:30:00,162.1488,11.84,11.334441,1.00119,0.12
2/10/2023,15:35:00,127.576,11.84,11.283479,1.00151,0.12
2/10/2023,15:40:00,97.8872,11.79,11.299465,1.00164,0.12
2/10/2023,15:45:00,106.8856,11.75,11.352424,1.00164,0.12
2/10/2023,15:50:00,101.4392,11.71,11.235512,1.00193,0.12
2/10/2023,15:55:00,105.376,11.71,11.245499,1.00177,0.12
2/10/2023,16:00:00,113.8712,11.67,11.167557,1.00174,0.12
2/10/2023,16:05:00,91.5232,11.67,11.159561,1.0019,0.12
2/10/2023,16:10:00,80.6896,11.58,11.085613,1.00235,0.12
2/10/2023,16:15:00,58.9336,11.54,11.094603,1.0025,0.12
2/10/2023,16:20:00,75.8648,11.49,11.079614,1.00229,0.12
2/10/2023,16:25:00,116.5056,11.54,11.084607,1.00229,0.12
2/10/2023,16:30:00,65.1792,11.45,11.078609,1.00226,0.12
2/10/2023,16:35:00,79.328,11.41,11.029642,1.00223,0.12
2/10/2023,16:40:00,43.5268,11.32,11.061611,1.00236,0.12
2/10/2023,16:45:00,32.708,11.24,10.922716,1.00246,0.12
2/10/2023,16:50:00,33.9512,11.15,10.932705,1.00243,0.12
2/10/2023,16:55:00,24.642,11.19,10.95369,1.00285,0.12
2/10/2023,17:00:00,18.8478,11.15,10.929703,1.00282,0.12
2/10/2023,17:05:00,14.5262,11.07,10.940694,1.00279,0.12
2/10/2023,17:10:00,12.8501,11.02,10.949687,1.00311,0.12
2/10/2023,17:15:00,6.993,11.02,10.912712,1.00324,0.12
2/10/2023,17:20:00,4.9395,10.94,10.947685,1.00337,0.12
2/10/2023,17:25:00,3.2634,10.98,10.951681,1.00353,0.12
2/10/2023,17:30:00,1.51885,10.98,10.931694,1.00369,0.12
2/10/2023,17:35:00,0.5661,10.94,10.921699,1.00334,0.12
2/10/2023,17:40:00,0.14985,10.94,10.9197,1.00334,0.12
2/10/2023,17:45:00,0,10.85,10.94568,1.00316,0.12
2/10/2023,17:50:00,0,10.85,10.979656,1.00316,0.12
2/10/2023,17:55:00,0,10.94,10.991642,1.00329,0.12
2/10/2023,18:00:00,0,10.89,11.057595,1.00344,0.12
2/10/2023,18:05:00,0,10.89,11.086568,1.00357,0.12
2/10/2023,18:10:00,0,10.85,11.108551,1.00357,0.12
2/10/2023,18:15:00,0,10.85,11.112549,1.00342,0.12
2/10/2023,18:20:00,0,10.85,11.094561,1.00342,0.12
2/10/2023,18:25:00,0,10.68,11.172503,1.00373,0.12
2/10/2023,18:30:00,0,10.46,11.175499,1.0037,0.12
2/10/2023,18:35:00,0,10.64,11.215468,1.00339,0.12
2/10/2023,18:40:00,0,10.64,11.204476,1.00355,0.12
2/10/2023,18:45:00,0,10.68,11.225459,1.00355,0.12
2/10/2023,18:50:00,0,10.55,11.242443,1.00368,0.12
2/10/2023,18:55:00,0,10.68,11.25943,1.00352,0.12
2/10/2023,19:00:00,0,10.51,11.289407,1.00399,0.12
2/10/2023,19:05:00,0,10.42,11.309392,1.00428,0.12
2/10/2023,19:10:00,0,10.55,11.261426,1.00412,0.12
2/10/2023,19:15:00,0,10.64,11.369344,1.00396,0.12
2/10/2023,19:20:00,0,10.51,11.368343,1.00381,0.12
2/10/2023,19:25:00,0,10.55,11.320377,1.00381,0.12
2/10/2023,19:30:00,0,10.55,11.365342,1.00396,0.12
2/10/2023,19:35:00,0,10.46,11.391322,1.00428,0.12
2/10/2023,19:40:00,0,10.51,11.262415,1.00428,0.12
2/10/2023,19:45:00,0,10.55,11.365338,1.00428,0.12
2/10/2023,19:50:00,0,10.51,11.316372,1.00425,0.12
2/10/2023,19:55:00,0,10.51,11.218442,1.00425,0.12
2/10/2023,20:00:00,0,10.46,11.285395,1.00441,0.12
2/10/2023,20:05:00,0,10.46,11.322365,1.00438,0.12
2/10/2023,20:10:00,0,10.51,11.325364,1.00454,0.12
2/10/2023,20:15:00,0,10.55,11.331359,1.00454,0.12
2/10/2023,20:20:00,0,10.51,11.350344,1.00438,0.12
2/10/2023,20:25:00,0,10.59,11.304378,1.00438,0.12
2/10/2023,20:30:00,0,10.59,11.331358,1.00435,0.12
2/10/2023,20:35:00,0,10.55,11.255414,1.00451,0.12
2/10/2023,20:40:00,0,10.51,11.28539,1.00451,0.12
2/10/2023,20:45:00,0,10.55,11.335356,1.00464,0.12
2/10/2023,20:50:00,0,10.51,11.304377,1.00417,0.12
2/10/2023,20:55:00,0,10.59,11.315371,1.00433,0.12
2/10/2023,21:00:00,0,10.55,11.332359,1.00464,0.12
2/10/2023,21:05:00,0,10.42,11.314373,1.00448,0.12
2/10/2023,21:10:00,0,10.55,11.383319,1.00417,0.12
2/10/2023,21:15:00,0,10.55,11.372328,1.00448,0.12
2/10/2023,21:20:00,0,10.55,11.333355,1.0048,0.12
2/10/2023,21:25:00,0,10.51,11.343348,1.00477,0.12
2/10/2023,21:30:00,0,10.51,11.375321,1.00477,0.12
2/10/2023,21:35:00,0,10.46,11.332354,1.0049,0.12
2/10/2023,21:40:00,0,10.51,11.292382,1.00522,0.12
2/10/2023,21:45:00,0,10.42,11.190456,1.00522,0.12
2/10/2023,21:50:00,0,10.46,11.259406,1.00535,0.12
2/10/2023,21:55:00,0,10.34,11.176463,1.00535,0.12
2/10/2023,22:00:00,0,10.34,11.22243,1.00516,0.12
2/10/2023,22:05:00,0,10.34,11.190453,1.00532,0.12
2/10/2023,22:10:00,0,10.42,11.287385,1.005,0.12
2/10/2023,22:15:00,0,10.29,11.297378,1.00484,0.12
2/10/2023,22:20:00,0,10.38,11.291379,1.00516,0.12
2/10/2023,22:25:00,0,10.34,11.329352,1.00545,0.12
2/10/2023,22:30:00,0,10.46,11.311366,1.00513,0.12
2/10/2023,22:35:00,0,10.38,11.342342,1.00529,0.12
2/10/2023,22:40:00,0,10.46,11.322357,1.00526,0.12
2/10/2023,22:45:00,0,10.38,11.339342,1.00526,0.12
2/10/2023,22:50:00,0,10.38,11.311361,1.00479,0.12
2/10/2023,22:55:00,0,10.38,11.299371,1.00495,0.12
2/10/2023,23:00:00,0,10.34,11.274385,1.00495,0.12
2/10/2023,23:05:00,0,10.34,11.29537,1.0051,0.12
2/10/2023,23:10:00,0,10.25,11.287379,1.00523,0.12
2/10/2023,23:15:00,0,10.21,11.304363,1.00536,0.12
2/10/2023,23:20:00,0,10.25,11.298368,1.00549,0.12
2/10/2023,23:25:00,0,10.25,11.277381,1.00534,0.12
2/10/2023,23:30:00,0,10.25,11.31835,1.00549,0.12
2/10/2023,23:35:00,0,10.25,11.302362,1.00518,0.12
2/10/2023,23:40:00,0,10.21,11.33034,1.00486,0.12
2/10/2023,23:45:00,0,10.04,11.31735,1.00489,0.12
2/10/2023,23:50:00,0,9.99,11.350326,1.00489,0.12
2/10/2023,23:55:00,0,10.04,11.328343,1.00473,0.12
2/11/2023,0:00:00,0,10.04,11.34333,1.00505,0.12
2/11/2023,0:05:00,0,9.99,11.362315,1.00521,0.12
2/11/2023,0:10:00,0,10.08,11.354322,1.00473,0.12
2/11/2023,0:15:00,0,10.12,11.331338,1.00457,0.12
2/11/2023,0:20:00,0,10.12,11.326339,1.00489,0.12
2/11/2023,0:25:00,0,10.08,11.327341,1.00521,0.12
2/11/2023,0:30:00,0,9.99,11.315349,1.00505,0.12
2/11/2023,0:35:00,0,9.99,11.360313,1.00536,0.12
2/11/2023,0:40:00,0,9.99,11.320345,1.00565,0.12
2/11/2023,0:45:00,0,10.04,11.312349,1.00565,0.12
2/11/2023,0:50:00,0,9.91,11.332334,1.00562,0.12
2/11/2023,0:55:00,0,9.69,11.343325,1.00547,0.12
2/11/2023,1:00:00,0,9.65,11.333333,1.0056,0.12
2/11/2023,1:05:00,0,9.61,11.335332,1.0056,0.12
2/11/2023,1:10:00,0,9.61,11.327337,1.00586,0.12
2/11/2023,1:15:00,0,9.56,11.31834,1.00554,0.12
2/11/2023,1:20:00,0,9.56,11.330332,1.00614,0.12
2/11/2023,1:25:00,0,9.39,11.319341,1.00609,0.12
2/11/2023,1:30:00,0,9.39,11.327334,1.00622,0.12
2/11/2023,1:35:00,0,9.39,11.315342,1.00635,0.12
2/11/2023,1:40:00,0,9.39,11.307347,1.0065,0.12
2/11/2023,1:45:00,0,9.39,11.300348,1.00616,0.12
2/11/2023,1:50:00,0,9.39,11.273368,1.00597,0.12
2/11/2023,1:55:00,0,9.26,11.267373,1.00661,0.12
2/11/2023,2:00:00,0,9.31,11.251382,1.00689,0.12
2/11/2023,2:05:00,0,9.18,11.249383,1.00671,0.12
2/11/2023,2:10:00,0,9.14,11.269366,1.00684,0.12
2/11/2023,2:15:00,0,9.14,11.268365,1.00652,0.12
2/11/2023,2:20:00,0,9.14,11.274358,1.00712,0.12
2/11/2023,2:25:00,0,9.18,11.285347,1.0076,0.12
2/11/2023,2:30:00,0,9.18,11.257368,1.00757,0.12
2/11/2023,2:35:00,0,9.22,11.219394,1.00789,0.12
2/11/2023,2:40:00,0,9.22,11.194408,1.0077,0.12
2/11/2023,2:45:00,0,9.31,11.147445,1.0077,0.12
2/11/2023,2:50:00,0,9.22,11.144445,1.00831,0.12
2/11/2023,2:55:00,0,9.18,11.136453,1.00875,0.12
2/11/2023,3:00:00,0,9.14,11.141443,1.00796,0.12
2/11/2023,3:05:00,0,8.96,11.141437,1.00701,0.12
2/11/2023,3:10:00,0,9.26,11.205386,1.00669,0.12
2/11/2023,3:15:00,0,9.22,11.156426,1.00622,0.12
2/11/2023,3:20:00,0,9.35,11.116453,1.00669,0.12
2/11/2023,3:25:00,0,9.39,11.04051,1.00622,0.12
2/11/2023,3:30:00,0,9.44,10.984552,1.00606,0.12
2/11/2023,3:35:00,0,9.31,10.970565,1.0053,0.12
2/11/2023,3:40:00,0,9.22,10.983555,1.00482,0.12
2/11/2023,3:45:00,0,9.26,11.00554,1.00467,0.12
2/11/2023,3:50:00,0,9.44,10.994549,1.00546,0.12
2/11/2023,3:55:00,0,9.48,10.99155,1.00514,0.12
2/11/2023,4:00:00,0,9.44,10.986553,1.00562,0.12
2/11/2023,4:05:00,0,9.56,10.970562,1.00638,0.12
2/11/2023,4:10:00,0,9.48,10.977557,1.00609,0.12
2/11/2023,4:15:00,0,9.48,10.921596,1.00546,0.12
2/11/2023,4:20:00,0,9.39,10.94458,1.00638,0.12
2/11/2023,4:25:00,0,9.48,10.915601,1.00514,0.12
2/11/2023,4:30:00,0,9.35,10.937584,1.00498,0.12
2/11/2023,4:35:00,0,9.35,10.901611,1.0053,0.12
2/11/2023,4:40:00,0,9.35,10.907603,1.00469,0.12
2/11/2023,4:45:00,0,9.26,10.88662,1.00422,0.12
2/11/2023,4:50:00,0,9.31,10.914597,1.00406,0.12
2/11/2023,4:55:00,0,9.44,10.887617,1.00501,0.12
2/11/2023,5:00:00,0,9.48,10.900609,1.00564,0.12
2/11/2023,5:05:00,0,9.44,10.844648,1.00438,0.12
2/11/2023,5:10:00,0,9.48,10.870632,1.00504,0.12
2/11/2023,5:15:00,0,9.39,10.875629,1.00425,0.12
2/11/2023,5:20:00,0,9.31,10.862639,1.00393,0.12
2/11/2023,5:25:00,0,9.14,10.758714,1.00409,0.12
2/11/2023,5:30:00,0,9.26,10.770702,1.00488,0.12
2/11/2023,5:35:00,0,9.18,10.778695,1.00504,0.12
2/11/2023,5:40:00,0,9.26,10.73073,1.00564,0.12
2/11/2023,5:45:00,0,9.31,10.825658,1.00564,0.12
2/11/2023,5:50:00,0,9.26,10.845646,1.00469,0.12
2/11/2023,5:55:00,0,9.35,10.841646,1.00549,0.12
2/11/2023,6:00:00,0,9.35,10.820659,1.00628,0.12
2/11/2023,6:05:00,0,9.35,10.816664,1.00641,0.12
2/11/2023,6:10:00,0,9.31,10.807669,1.00656,0.12
2/11/2023,6:15:00,0,9.31,10.822657,1.00701,0.12
2/11/2023,6:20:00,0,9.26,10.859632,1.00641,0.12
2/11/2023,6:25:00,0.1887,9.22,10.847642,1.00593,0.12
2/11/2023,6:30:00,0.6808,9.31,10.849639,1.00672,0.12
2/11/2023,6:35:00,1.58915,9.35,10.844642,1.0078,0.12
2/11/2023,6:40:00,2.7676,9.31,10.848637,1.00762,0.12
2/11/2023,6:45:00,4.366,9.31,10.84764,1.00667,0.12
2/11/2023,6:50:00,6.30665,9.22,10.878613,1.00777,0.12
2/11/2023,6:55:00,11.4034,9.31,10.852637,1.0073,0.12
2/11/2023,7:00:00,18.7146,9.26,10.891606,1.00682,0.12
2/11/2023,7:05:00,22.6736,9.26,10.909595,1.00667,0.12
2/11/2023,7:10:00,23.7318,9.26,10.907597,1.00698,0.12
2/11/2023,7:15:00,31.0356,9.22,10.929579,1.00651,0.12
2/11/2023,7:20:00,41.292,9.14,10.913591,1.00777,0.12
2/11/2023,7:25:00,44.178,9.22,10.921585,1.00856,0.12
2/11/2023,7:30:00,48.7216,9.09,10.947565,1.00838,0.12
2/11/2023,7:35:00,61.3608,8.96,10.937569,1.00759,0.12
2/11/2023,7:40:00,58.7856,9.01,10.941567,1.00762,0.12
2/11/2023,7:45:00,61.8048,9.18,10.939565,1.00822,0.12
2/11/2023,7:50:00,75.2432,9.14,10.926572,1.00854,0.12
2/11/2023,7:55:00,79.624,9.14,10.924572,1.00885,0.12
2/11/2023,8:00:00,107.8032,9.18,10.940558,1.00854,0.12
2/11/2023,8:05:00,113.9304,9.22,10.926567,1.0079,0.12
2/11/2023,8:10:00,138.7056,9.05,10.939559,1.00759,0.12
2/11/2023,8:15:00,120.5904,9.05,10.936562,1.00651,0.12
2/11/2023,8:20:00,136.5744,9.18,10.964537,1.00603,0.12
2/11/2023,8:25:00,164.576,9.26,10.918571,1.00559,0.12
2/11/2023,8:30:00,143.6192,9.26,10.886592,1.00559,0.12
2/11/2023,8:35:00,197.136,9.35,10.892586,1.00527,0.12
2/11/2023,8:40:00,226.3808,9.35,10.890588,1.00527,0.12
2/11/2023,8:45:00,388.8256,9.56,10.958543,1.00435,0.12
2/11/2023,8:50:00,228.9264,9.65,10.948552,1.00451,0.12
2/11/2023,8:55:00,380.3008,9.69,10.963543,1.00419,0.12
2/11/2023,9:00:00,394.864,9.69,11.028499,1.0039,0.12
2/11/2023,9:05:00,378.1696,9.91,11.021507,1.00359,0.12
2/11/2023,9:10:00,533.5104,10.12,11.058481,1.00343,0.12
2/11/2023,9:15:00,561.6896,10.21,11.045496,1.00298,0.12
2/11/2023,9:20:00,524.0384,10.34,11.062489,1.00304,0.12
2/11/2023,9:25:00,615.68,10.46,11.074486,1.00323,0.12
2/11/2023,9:30:00,476.0864,10.55,11.128448,1.00307,0.12
2/11/2023,9:35:00,612.6016,10.55,11.154429,1.00278,0.12
2/11/2023,9:40:00,663.7504,10.68,11.170421,1.00265,0.12
2/11/2023,9:45:00,698.7968,10.64,11.105477,1.00271,0.12
2/11/2023,9:50:00,687.904,10.77,11.080503,1.00276,0.12
2/11/2023,9:55:00,690.5088,10.81,11.148456,1.00259,0.12
2/11/2023,10:00:00,645.5168,10.85,11.231392,1.00253,0.12
2/11/2023,10:05:00,736.448,10.94,11.219407,1.00245,0.12
2/11/2023,10:10:00,634.624,11.24,11.253381,1.00249,0.12
2/11/2023,10:15:00,780.0192,11.67,11.224412,1.00244,0.12
2/11/2023,10:20:00,766.048,11.37,11.244397,1.00231,0.12
2/11/2023,10:25:00,829.7472,11.41,11.21443,1.00226,0.12
2/11/2023,10:30:00,869.056,11.37,11.164472,1.00226,0.12
2/11/2023,10:35:00,833.2992,11.45,10.966631,1.00225,0.12
2/11/2023,10:40:00,919.968,11.54,10.995614,1.0022,0.12
2/11/2023,10:45:00,910.2592,11.54,11.005575,1.0021,0.12
2/11/2023,10:50:00,927.3088,11.54,10.939623,1.00196,0.12
2/11/2023,10:55:00,828.5632,11.41,10.85568,1.00188,0.12
2/11/2023,11:00:00,890.8416,11.32,10.972581,1.00179,0.12
2/11/2023,11:05:00,976.0896,11.54,11.044533,1.00168,0.12
2/11/2023,11:10:00,941.0432,11.37,11.1055,1.00161,0.12
2/11/2023,11:15:00,853.4272,11.15,11.147464,1.00156,0.12
2/11/2023,11:20:00,841.824,11.37,11.225409,1.00138,0.12
2/11/2023,11:25:00,1157.952,11.45,11.164465,1.00129,0.12
2/11/2023,11:30:00,623.2576,11.54,11.000611,1.00124,0.12
2/11/2023,11:35:00,627.2832,11.67,11.016605,1.00122,0.12
2/11/2023,11:40:00,840.64,11.75,11.175484,1.00142,0.12
2/11/2023,11:45:00,743.0784,11.58,11.093551,1.00116,0.12
2/11/2023,11:50:00,639.1232,11.37,11.160496,1.00113,0.12
2/11/2023,11:55:00,878.0544,11.32,11.440268,1.00087,0.12
2/11/2023,12:00:00,954.5408,11.24,11.588141,1.0007,0.12
2/11/2023,12:05:00,1002.1376,11.41,11.534176,1.00059,0.12
2/11/2023,12:10:00,389.0624,11.15,11.436256,1.00031,0.12
2/11/2023,12:15:00,643.8592,11.32,11.223435,1.00013,0.12
2/11/2023,12:20:00,521.1968,11.19,11.296384,1.00007,0.12
2/11/2023,12:25:00,408.8352,11.24,11.301386,1.00001,0.12
2/11/2023,12:30:00,812.224,11.24,11.437284,1.00014,0.12
2/11/2023,12:35:00,333.0592,11.24,11.293402,0.9998,0.12
2/11/2023,12:40:00,713.4784,11.45,11.244439,0.99958,0.12
2/11/2023,12:45:00,321.9296,11.28,11.214463,0.99958,0.12
2/11/2023,12:50:00,393.9168,11.37,11.326382,0.99927,0.12
2/11/2023,12:55:00,259.1776,11.24,11.138528,0.99911,0.12
2/11/2023,13:00:00,286.6464,11.15,11.254431,0.99908,0.12
2/11/2023,13:05:00,466.0224,11.32,11.07957,0.99876,0.12
2/11/2023,13:10:00,454.7744,11.41,11.084566,0.99863,0.12
2/11/2023,13:15:00,406.3488,10.89,11.533197,0.99848,0.12
2/11/2023,13:20:00,272.0832,10.68,11.627125,0.99832,0.12
2/11/2023,13:25:00,396.9952,10.98,11.502222,0.99832,0.12
2/11/2023,13:30:00,457.616,11.07,11.4143,0.998,0.12
2/11/2023,13:35:00,325.4816,11.37,11.354351,0.99784,0.12
2/11/2023,13:40:00,103.1856,11.19,11.514228,0.99771,0.12
2/11/2023,13:45:00,205.0096,11.24,11.409306,0.99771,0.12
2/11/2023,13:50:00,429.4368,11.32,10.957662,0.9974,0.12
2/11/2023,13:55:00,337.6768,11.32,11.312387,0.99727,0.12
2/11/2023,14:00:00,348.8064,11.11,11.448282,0.99727,0.12
2/11/2023,14:05:00,297.0656,11.02,11.564191,0.99742,0.12
2/11/2023,14:10:00,200.3328,10.77,11.461259,0.99714,0.12
2/11/2023,14:15:00,154.808,10.51,11.517208,0.99745,0.12
2/11/2023,14:20:00,131.0096,10.51,11.456251,0.99777,0.12
2/11/2023,14:25:00,130.7136,10.46,11.595148,0.99777,0.12
2/11/2023,14:30:00,172.272,10.55,11.630121,0.99764,0.12
2/11/2023,14:35:00,213.3568,10.55,11.535191,0.99748,0.12
2/11/2023,14:40:00,178.9616,10.51,11.514206,0.99751,0.12
2/11/2023,14:45:00,195.0048,10.68,11.335351,0.99751,0.12
2/11/2023,14:50:00,180.1456,10.55,11.541189,0.99732,0.12
2/11/2023,14:55:00,172.272,10.46,11.573164,0.99748,0.12
2/11/2023,15:00:00,170.2,10.51,11.540189,0.99716,0.12
2/11/2023,15:05:00,180.7968,10.51,11.472237,0.99716,0.12
2/11/2023,15:10:00,156.1696,10.68,11.507213,0.99688,0.12
2/11/2023,15:15:00,132.608,10.59,11.693075,0.99688,0.12
2/11/2023,15:20:00,127.3984,10.51,11.697076,0.99719,0.12
2/11/2023,15:25:00,97.5912,10.64,11.416307,0.99732,0.12
2/11/2023,15:30:00,78.4104,10.68,11.523217,0.99732,0.12
2/11/2023,15:35:00,110.3784,10.77,11.391323,0.99729,0.12
2/11/2023,15:40:00,86.136,10.72,11.274413,0.99727,0.12
2/11/2023,15:45:00,82.8208,10.55,11.655112,0.99695,0.12
2/11/2023,15:50:00,58.6376,10.51,11.792005,0.99676,0.12
2/11/2023,15:55:00,47.508,10.42,11.689083,0.99692,0.12
2/11/2023,16:00:00,67.9024,10.34,11.71106,0.99689,0.12
2/11/2023,16:05:00,61.0352,10.34,11.682081,0.99689,0.12
2/11/2023,16:10:00,45.2288,10.29,11.685077,0.99702,0.12
2/11/2023,16:15:00,44.474,10.29,11.679081,0.99702,0.12
2/11/2023,16:20:00,35.5052,10.29,11.751024,0.99671,0.12
2/11/2023,16:25:00,37.9324,10.38,11.767014,0.99668,0.12
2/11/2023,16:30:00,50.7196,10.34,11.776009,0.99652,0.12
2/11/2023,16:35:00,54.5084,10.38,11.746031,0.99652,0.12
2/11/2023,16:40:00,33.3444,10.25,11.727043,0.99652,0.12
2/11/2023,16:45:00,25.8704,10.16,11.678081,0.9962,0.12
2/11/2023,16:50:00,16.2948,10.29,11.66409,0.9962,0.12
2/11/2023,16:55:00,11.3701,10.29,11.657095,0.99617,0.12
2/11/2023,17:00:00,8.4397,10.08,11.636111,0.99633,0.12
2/11/2023,17:05:00,6.88015,10.21,11.6491,0.99633,0.12
2/11/2023,17:10:00,4.70825,10.16,11.655095,0.99615,0.12
2/11/2023,17:15:00,2.8046,10.08,11.616123,0.9963,0.12
2/11/2023,17:20:00,2.26995,10.21,11.504207,0.99615,0.12
2/11/2023,17:25:00,1.2099,10.25,11.468234,0.99628,0.12
2/11/2023,17:30:00,0.5291,10.25,11.446251,0.99643,0.12
2/11/2023,17:35:00,0.14985,10.12,11.41827,0.99643,0.12
2/11/2023,17:40:00,0,10.12,11.44325,0.99659,0.12
2/11/2023,17:45:00,0,10.04,11.392288,0.99656,0.12
2/11/2023,17:50:00,0,10.04,11.411274,0.99656,0.12
2/11/2023,17:55:00,0,10.08,11.377297,0.99672,0.12
2/11/2023,18:00:00,0,10.16,11.258385,0.99672,0.12
2/11/2023,18:05:00,0,10.12,11.254386,0.99669,0.12
2/11/2023,18:10:00,0,10.12,11.148466,0.99685,0.12
2/11/2023,18:15:00,0,10.12,11.126482,0.99701,0.12
2/11/2023,18:20:00,0,10.08,11.279367,0.99717,0.12
2/11/2023,18:25:00,0,9.95,11.274372,0.99733,0.12
2/11/2023,18:30:00,0,9.99,11.215416,0.99733,0.12
2/11/2023,18:35:00,0,9.95,11.258383,0.99764,0.12
2/11/2023,18:40:00,0,10.08,11.122483,0.99762,0.12
2/11/2023,18:45:00,0,9.99,11.11149,0.99746,0.12
2/11/2023,18:50:00,0,9.95,11.082513,0.99746,0.12
2/11/2023,18:55:00,0,9.95,11.08651,0.99743,0.12
2/11/2023,19:00:00,0,9.95,11.162452,0.99743,0.12
2/11/2023,19:05:00,0,9.95,11.18344,0.99743,0.12
2/11/2023,19:10:00,0,9.91,11.226406,0.99743,0.12
2/11/2023,19:15:00,0,9.99,11.136473,0.99727,0.12
2/11/2023,19:20:00,0,10.04,11.216414,0.99711,0.12
2/11/2023,19:25:00,0,10.04,11.157457,0.99711,0.12
2/11/2023,19:30:00,0,10.04,11.153459,0.99677,0.12
2/11/2023,19:35:00,0,10.04,11.133474,0.99693,0.12
2/11/2023,19:40:00,0,10.04,11.061525,0.99661,0.12
2/11/2023,19:45:00,0,10.04,10.955604,0.99645,0.12
2/11/2023,19:50:00,0,9.95,10.945611,0.99642,0.12
2/11/2023,19:55:00,0,9.99,10.98458,0.99627,0.12
2/11/2023,20:00:00,0,9.99,10.912634,0.99642,0.12
2/11/2023,20:05:00,0,9.99,10.868665,0.99611,0.12
2/11/2023,20:10:00,0,9.99,10.918628,0.99595,0.12
2/11/2023,20:15:00,0,9.91,10.935615,0.99611,0.12
2/11/2023,20:20:00,0,9.95,10.97359,0.99595,0.12
2/11/2023,20:25:00,0,9.91,10.817701,0.99592,0.12
2/11/2023,20:30:00,0,9.86,10.94261,0.99592,0.12
2/11/2023,20:35:00,0,9.86,10.854672,0.99592,0.12
2/11/2023,20:40:00,0,9.86,10.930615,0.99592,0.12
2/11/2023,20:45:00,0,9.86,10.789718,0.99592,0.12
2/11/2023,20:50:00,0,9.82,10.875654,0.99592,0.12
2/11/2023,20:55:00,0,9.78,10.928614,0.9956,0.12
2/11/2023,21:00:00,0,9.82,10.888644,0.99576,0.12
2/11/2023,21:05:00,0,9.78,10.936608,0.99576,0.12
2/11/2023,21:10:00,0,9.82,10.931612,0.9956,0.12
2/11/2023,21:15:00,0,9.78,10.944603,0.9956,0.12
2/11/2023,21:20:00,0,9.78,10.977575,0.99558,0.12
2/11/2023,21:25:00,0,9.82,10.87665,0.99558,0.12
2/11/2023,21:30:00,0,9.82,10.994562,0.99558,0.12
2/11/2023,21:35:00,0,9.78,10.937603,0.99558,0.12
2/11/2023,21:40:00,0,9.74,10.942601,0.9951,0.12
2/11/2023,21:45:00,0,9.74,10.958587,0.99526,0.12
2/11/2023,21:50:00,0,9.74,10.921612,0.99526,0.12
2/11/2023,21:55:00,0,9.69,10.969576,0.99491,0.12
2/11/2023,22:00:00,0,9.65,10.978569,0.99491,0.12
2/11/2023,22:05:00,0,9.65,10.985561,0.99491,0.12
2/11/2023,22:10:00,0,9.69,11.012541,0.99476,0.12
2/11/2023,22:15:00,0,9.69,10.959583,0.9946,0.12
2/11/2023,22:20:00,0,9.65,10.935598,0.9946,0.12
2/11/2023,22:25:00,0,9.61,11.066504,0.9946,0.12
2/11/2023,22:30:00,0,9.65,10.978569,0.9946,0.12
2/11/2023,22:35:00,0,9.65,10.931597,0.99441,0.12
2/11/2023,22:40:00,0,9.65,10.944588,0.99441,0.12
2/11/2023,22:45:00,0,9.61,10.855654,0.99441,0.12
2/11/2023,22:50:00,0,9.56,10.851658,0.99438,0.12
2/11/2023,22:55:00,0,9.56,10.925604,0.99423,0.12
2/11/2023,23:00:00,0,9.61,10.953582,0.99423,0.12
2/11/2023,23:05:00,0,9.65,10.945586,0.99423,0.12
2/11/2023,23:10:00,0,9.65,10.947588,0.9942,0.12
2/11/2023,23:15:00,0,9.61,10.998548,0.9942,0.12
2/11/2023,23:20:00,0,9.52,11.049511,0.99436,0.12
2/11/2023,23:25:00,0,9.31,11.083487,0.99451,0.12
2/11/2023,23:30:00,0,9.31,11.08149,0.99449,0.12
2/11/2023,23:35:00,0,9.26,11.083489,0.99477,0.12
2/11/2023,23:40:00,0,9.35,11.08049,0.99443,0.12
2/11/2023,23:45:00,0,9.26,11.10547,0.99459,0.12
2/11/2023,23:50:00,0,9.26,11.110467,0.9944,0.12
2/11/2023,23:55:00,0,9.35,11.087485,0.9944,0.12
2/12/2023,0:00:00,0,9.39,11.087486,0.99437,0.12
2/12/2023,0:05:00,0,9.39,11.104473,0.99419,0.12
2/12/2023,0:10:00,0,9.44,11.070499,0.99419,0.12
2/12/2023,0:15:00,0,9.44,11.068496,0.994,0.12
2/12/2023,0:20:00,0,9.39,11.076489,0.994,0.12
2/12/2023,0:25:00,0,9.39,11.116464,0.99366,0.12
2/12/2023,0:30:00,0,9.44,11.09348,0.99366,0.12
2/12/2023,0:35:00,0,9.35,11.108466,0.99334,0.12
2/12/2023,0:40:00,0,9.44,11.11346,0.99334,0.12
2/12/2023,0:45:00,0,9.52,11.111459,0.99302,0.12
2/12/2023,0:50:00,0,9.44,11.068493,0.99302,0.12
2/12/2023,0:55:00,0,9.31,11.018527,0.99255,0.12
2/12/2023,1:00:00,0,9.39,11.01153,0.99223,0.12
2/12/2023,1:05:00,0,9.48,10.996542,0.99195,0.12
2/12/2023,1:10:00,0,9.56,10.996543,0.99179,0.12
2/12/2023,1:15:00,0,9.56,10.975558,0.99179,0.12
2/12/2023,1:20:00,0,9.52,10.985552,0.99195,0.12
2/12/2023,1:25:00,0,9.52,10.971562,0.99147,0.12
2/12/2023,1:30:00,0,9.56,10.967562,0.99147,0.12
2/12/2023,1:35:00,0,9.56,10.934586,0.99134,0.12
2/12/2023,1:40:00,0,9.52,10.926594,0.99134,0.12
2/12/2023,1:45:00,0,9.48,10.899611,0.99118,0.12
2/12/2023,1:50:00,0,9.44,10.90261,0.99134,0.12
2/12/2023,1:55:00,0,9.52,10.919595,0.99118,0.12
2/12/2023,2:00:00,0,9.52,10.85864,0.99087,0.12
2/12/2023,2:05:00,0,9.44,10.875627,0.99087,0.12
2/12/2023,2:10:00,0,9.48,10.88562,0.99118,0.12
2/12/2023,2:15:00,0,9.44,10.774701,0.99134,0.12
2/12/2023,2:20:00,0,9.35,10.851644,0.99131,0.12
2/12/2023,2:25:00,0,9.39,10.809673,0.991,0.12
2/12/2023,2:30:00,0,9.35,10.75571,0.99084,0.12
2/12/2023,2:35:00,0,9.26,10.729726,0.991,0.12
2/12/2023,2:40:00,0,9.31,10.707742,0.99084,0.12
2/12/2023,2:45:00,0,9.26,10.344026,0.99052,0.12
2/12/2023,2:50:00,0,9.31,10.39798,0.99068,0.12
2/12/2023,2:55:00,0,9.31,10.462931,0.99116,0.12
2/12/2023,3:00:00,0,9.31,10.533876,0.99131,0.12
2/12/2023,3:05:00,0,9.22,10.568849,0.99097,0.12
2/12/2023,3:10:00,0,9.31,10.62181,0.99113,0.12
2/12/2023,3:15:00,0,9.31,10.619809,0.99129,0.12
2/12/2023,3:20:00,0,9.22,10.564847,0.99129,0.12
2/12/2023,3:25:00,0,9.22,10.59682,0.99129,0.12
2/12/2023,3:30:00,0,9.22,10.61581,0.99142,0.12
2/12/2023,3:35:00,0,9.22,10.695749,0.99142,0.12
2/12/2023,3:40:00,0,9.18,10.585827,0.99189,0.12
2/12/2023,3:45:00,0,9.14,10.669764,0.99189,0.12
2/12/2023,3:50:00,0,9.14,10.641783,0.99221,0.12
2/12/2023,3:55:00,0,9.14,10.717728,0.99221,0.12
2/12/2023,4:00:00,0,9.18,10.765691,0.99218,0.12
2/12/2023,4:05:00,0,9.22,10.76869,0.99205,0.12
2/12/2023,4:10:00,0,9.18,10.777686,0.99234,0.12
2/12/2023,4:15:00,0,9.22,10.811659,0.99234,0.12
2/12/2023,4:20:00,0,9.26,10.847631,0.99218,0.12
2/12/2023,4:25:00,0,9.26,10.804665,0.99234,0.12
2/12/2023,4:30:00,0,9.22,10.734712,0.99249,0.12
2/12/2023,4:35:00,0,9.22,10.823645,0.99247,0.12
2/12/2023,4:40:00,0,9.18,10.749699,0.99247,0.12
2/12/2023,4:45:00,0,9.14,10.762687,0.99247,0.12
2/12/2023,4:50:00,0,9.09,10.795663,0.99262,0.12
2/12/2023,4:55:00,0,9.14,10.763688,0.99262,0.12
2/12/2023,5:00:00,0,9.01,10.665757,0.99262,0.12
2/12/2023,5:05:00,0,9.09,10.701732,0.99247,0.12
2/12/2023,5:10:00,0,9.14,10.741704,0.99278,0.12
2/12/2023,5:15:00,0,9.14,10.751698,0.99215,0.12
2/12/2023,5:20:00,0,9.09,10.740706,0.99247,0.12
2/12/2023,5:25:00,0,9.14,10.765685,0.9931,0.12
2/12/2023,5:30:00,0,9.14,10.780675,0.99307,0.12
2/12/2023,5:35:00,0,9.09,10.801657,0.99291,0.12
2/12/2023,5:40:00,0,9.09,10.760689,0.99307,0.12
2/12/2023,5:45:00,0,9.14,10.807652,0.99323,0.12
2/12/2023,5:50:00,0,9.14,10.828637,0.9926,0.12
2/12/2023,5:55:00,0,9.09,10.835632,0.9926,0.12
2/12/2023,6:00:00,0,9.05,10.822639,0.99307,0.12
2/12/2023,6:05:00,0,9.09,10.82364,0.99355,0.12
2/12/2023,6:10:00,0,9.05,10.829636,0.9932,0.12
2/12/2023,6:15:00,0,9.09,10.75469,0.99307,0.12
2/12/2023,6:20:00,0,9.05,10.816643,0.9932,0.12
2/12/2023,6:25:00,0.14985,9.05,10.811647,0.99352,0.12
2/12/2023,6:30:00,0.60495,8.96,10.783666,0.99368,0.12
2/12/2023,6:35:00,1.28575,9.01,10.783666,0.99304,0.12
2/12/2023,6:40:00,2.38835,9.01,10.812645,0.99383,0.12
2/12/2023,6:45:00,2.9896,9.01,10.824636,0.99368,0.12
2/12/2023,6:50:00,3.71295,8.96,10.778669,0.99396,0.12
2/12/2023,6:55:00,4.59355,9.01,10.781666,0.99412,0.12
2/12/2023,7:00:00,6.1975,9.01,10.794656,0.99428,0.12
2/12/2023,7:05:00,7.8329,9.01,10.79066,0.99396,0.12
2/12/2023,7:10:00,9.8124,8.96,10.789659,0.99349,0.12
2/12/2023,7:15:00,12.9278,9.01,10.748688,0.99412,0.12
2/12/2023,7:20:00,13.0129,8.88,10.765674,0.99428,0.12
2/12/2023,7:25:00,14.6298,8.92,10.741692,0.99428,0.12
2/12/2023,7:30:00,19.9282,8.92,10.772667,0.99441,0.12
2/12/2023,7:35:00,24.1906,8.88,10.784659,0.99504,0.12
2/12/2023,7:40:00,25.1156,8.96,10.776665,0.9952,0.12
2/12/2023,7:45:00,27.6908,8.96,10.778664,0.99473,0.12
2/12/2023,7:50:00,30.2808,9.01,10.775666,0.99488,0.12
2/12/2023,7:55:00,36.408,8.92,10.765673,0.99488,0.12
2/12/2023,8:00:00,42.9644,9.01,10.739691,0.99409,0.12
2/12/2023,8:05:00,49.4764,8.96,10.748683,0.99441,0.12
2/12/2023,8:10:00,63.8176,8.96,10.736691,0.99488,0.12
2/12/2023,8:15:00,68.0504,8.96,10.785657,0.9952,0.12
2/12/2023,8:20:00,81.1632,8.96,10.789652,0.99488,0.12
2/12/2023,8:25:00,107.8032,8.96,10.767667,0.99425,0.12
2/12/2023,8:30:00,116.6536,8.96,10.76267,0.99412,0.12
2/12/2023,8:35:00,109.6088,9.01,10.767667,0.99381,0.12
2/12/2023,8:40:00,121.1824,9.01,10.80664,0.99365,0.12
2/12/2023,8:45:00,138.7056,9.09,10.833621,0.99365,0.12
2/12/2023,8:50:00,154.3344,9.05,10.870596,0.99381,0.12
2/12/2023,8:55:00,155.8736,9.14,10.83962,0.99365,0.12
2/12/2023,9:00:00,190.328,9.22,10.862606,0.99352,0.12
2/12/2023,9:05:00,218.0336,9.26,10.866603,0.99304,0.12
2/12/2023,9:10:00,213.6528,9.26,10.877594,0.99291,0.12
2/12/2023,9:15:00,552.2176,9.35,10.90857,0.99291,0.12
2/12/2023,9:20:00,256.928,9.44,10.904574,0.99262,0.12
2/12/2023,9:25:00,234.9648,9.52,10.939549,0.99262,0.12
2/12/2023,9:30:00,331.2832,9.44,10.900579,0.99326,0.12
2/12/2023,9:35:00,223.6576,9.44,10.924563,0.99249,0.12
2/12/2023,9:40:00,520.4864,9.61,10.948544,0.99236,0.12
2/12/2023,9:45:00,250.2976,9.78,10.956543,0.99226,0.12
2/12/2023,9:50:00,677.7216,9.99,10.969535,0.99203,0.12
2/12/2023,9:55:00,489.7024,10.21,10.991523,0.99188,0.12
2/12/2023,10:00:00,720.1088,10.08,11.014508,0.99213,0.12
2/12/2023,10:05:00,907.8912,10.34,11.0325,0.9922,0.12
2/12/2023,10:10:00,851.5328,10.55,11.082466,0.9923,0.12
2/12/2023,10:15:00,937.0176,10.59,11.061489,0.99234,0.12
2/12/2023,10:20:00,580.8704,10.25,11.061495,0.99224,0.12
2/12/2023,10:25:00,800.6208,10.51,11.056503,0.99208,0.12
2/12/2023,10:30:00,645.0432,10.51,11.006544,0.99217,0.12
2/12/2023,10:35:00,901.2608,10.29,11.020535,0.99222,0.12
2/12/2023,10:40:00,861.2416,10.68,11.053509,0.99236,0.12
2/12/2023,10:45:00,992.6656,10.77,11.022537,0.99203,0.12
2/12/2023,10:50:00,961.6448,10.81,10.995561,0.99208,0.12
2/12/2023,10:55:00,920.6784,10.85,10.943606,0.99174,0.12
2/12/2023,11:00:00,802.9888,10.81,10.984577,0.99181,0.12
2/12/2023,11:05:00,829.0368,10.94,10.984579,0.99202,0.12
2/12/2023,11:10:00,922.336,10.94,10.97159,0.99199,0.12
2/12/2023,11:15:00,875.6864,11.02,10.954608,0.99199,0.12
2/12/2023,11:20:00,895.8144,10.98,11.040543,0.99199,0.12
2/12/2023,11:25:00,967.0912,11.02,11.021561,0.99196,0.12
2/12/2023,11:30:00,905.5232,11.07,11.086512,0.99185,0.12
2/12/2023,11:35:00,900.5504,11.11,11.139472,0.99232,0.12
2/12/2023,11:40:00,844.192,11.15,11.086517,0.99226,0.12
2/12/2023,11:45:00,774.0992,11.28,11.094511,0.99224,0.12
2/12/2023,11:50:00,886.5792,11.19,11.031563,0.9923,0.12
2/12/2023,11:55:00,695.2448,11.37,11.100511,0.99225,0.12
2/12/2023,12:00:00,712.2944,11.11,11.16946,0.99202,0.12
2/12/2023,12:05:00,1008.768,11.11,11.13349,0.99219,0.12
2/12/2023,12:10:00,742.368,11.19,11.199443,0.99208,0.12
2/12/2023,12:15:00,567.136,11.02,11.183457,0.99196,0.12
2/12/2023,12:20:00,675.8272,11.07,11.160475,0.99178,0.12
2/12/2023,12:25:00,581.5808,11.11,11.161475,0.99156,0.12
2/12/2023,12:30:00,551.2704,11.07,11.043568,0.99153,0.12
2/12/2023,12:35:00,466.0224,10.98,11.143493,0.99151,0.12
2/12/2023,12:40:00,467.2064,10.98,11.145492,0.99148,0.12
2/12/2023,12:45:00,337.9136,11.02,11.094534,0.99148,0.12
2/12/2023,12:50:00,473.3632,11.11,11.055565,0.99145,0.12
2/12/2023,12:55:00,166.7072,10.72,11.158486,0.99145,0.12
2/12/2023,13:00:00,90.6944,10.64,11.017592,0.99145,0.12
2/12/2023,13:05:00,622.784,10.85,11.062561,0.99145,0.12
2/12/2023,13:10:00,610.4704,11.11,10.992613,0.99129,0.12
2/12/2023,13:15:00,446.6048,11.07,10.927667,0.99129,0.12
2/12/2023,13:20:00,212.8832,10.89,11.025595,0.991,0.12
2/12/2023,13:25:00,332.4672,11.07,11.083547,0.991,0.12
2/12/2023,13:30:00,278.24,11.02,11.086546,0.99116,0.12
2/12/2023,13:35:00,347.9776,11.02,11.038584,0.99119,0.12
2/12/2023,13:40:00,227.8608,10.98,11.093544,0.99135,0.12
2/12/2023,13:45:00,469.1008,11.19,11.07356,0.99132,0.12
2/12/2023,13:50:00,337.9136,11.15,11.07656,0.99151,0.12
2/12/2023,13:55:00,320.5088,10.89,11.058573,0.99151,0.12
2/12/2023,14:00:00,341.4656,10.94,11.006612,0.99151,0.12
2/12/2023,14:05:00,230.584,10.77,10.981629,0.99151,0.12
2/12/2023,14:10:00,145.928,10.77,11.045576,0.99151,0.12
2/12/2023,14:15:00,111.296,10.64,10.770791,0.99151,0.12
2/12/2023,14:20:00,90.0728,10.72,10.866716,0.99151,0.12
2/12/2023,14:25:00,66.9552,10.64,10.838735,0.99138,0.12
2/12/2023,14:30:00,76.6936,10.59,10.821749,0.99138,0.12
2/12/2023,14:35:00,79.1208,10.59,10.867715,0.99122,0.12
2/12/2023,14:40:00,67.4584,10.59,10.87571,0.99138,0.12
2/12/2023,14:45:00,56.6248,10.64,10.910682,0.99125,0.12
2/12/2023,14:50:00,72.1352,10.64,10.804765,0.9914,0.12
2/12/2023,14:55:00,54.464,10.59,10.817756,0.9914,0.12
2/12/2023,15:00:00,49.136,10.64,10.856725,0.9914,0.12
2/12/2023,15:05:00,51.4448,10.59,10.832742,0.99125,0.12
2/12/2023,15:10:00,70.4776,10.55,11.017598,0.99125,0.12
2/12/2023,15:15:00,53.5612,10.51,10.873706,0.9914,0.12
2/12/2023,15:20:00,52.9544,10.46,10.908675,0.99125,0.12
2/12/2023,15:25:00,53.1024,10.42,11.067546,0.99125,0.12
2/12/2023,15:30:00,47.952,10.38,10.860705,0.99156,0.12
2/12/2023,15:35:00,52.8064,10.25,11.010589,0.9914,0.12
2/12/2023,15:40:00,46.398,10.25,10.958624,0.9914,0.12
2/12/2023,15:45:00,43.3788,10.34,11.037565,0.99156,0.12
2/12/2023,15:50:00,55.4112,10.29,11.045557,0.99172,0.12
2/12/2023,15:55:00,42.624,10.25,11.074536,0.99153,0.12
2/12/2023,16:00:00,63.3144,10.21,10.871687,0.99169,0.12
2/12/2023,16:05:00,51.5928,10.21,10.962616,0.99169,0.12
2/12/2023,16:10:00,38.9832,10.25,10.989592,0.99166,0.12
2/12/2023,16:15:00,44.1336,10.08,10.920641,0.99182,0.12
2/12/2023,16:20:00,36.8224,10.04,11.007575,0.99166,0.12
2/12/2023,16:25:00,39.1312,9.99,10.855689,0.99179,0.12
2/12/2023,16:30:00,38.9536,9.91,11.007571,0.99164,0.12
2/12/2023,16:35:00,31.7904,9.91,10.981591,0.99195,0.12
2/12/2023,16:40:00,29.6592,9.69,10.975596,0.99208,0.12
2/12/2023,16:45:00,27.5206,9.61,10.999577,0.99221,0.12
2/12/2023,16:50:00,24.9454,9.56,11.077519,0.99234,0.12
2/12/2023,16:55:00,22.348,9.56,11.124483,0.99231,0.12
2/12/2023,17:00:00,19.1512,9.65,11.157459,0.99244,0.12
2/12/2023,17:05:00,16.428,9.61,11.1125,0.99255,0.12
2/12/2023,17:10:00,13.4569,9.56,11.075531,0.99262,0.12
2/12/2023,17:15:00,10.1861,9.52,11.020572,0.99275,0.12
2/12/2023,17:20:00,7.03185,9.48,11.054543,0.99317,0.12
2/12/2023,17:25:00,4.21615,9.35,11.057538,0.99327,0.12
2/12/2023,17:30:00,2.19965,9.26,11.07852,0.9935,0.12
2/12/2023,17:35:00,0.90835,9.22,11.108494,0.99363,0.12
2/12/2023,17:40:00,0.3404,9.31,11.13947,0.99402,0.12
2/12/2023,17:45:00,0.037,9.26,11.131474,0.99431,0.12
2/12/2023,17:50:00,0,9.31,11.117485,0.99397,0.12
2/12/2023,17:55:00,0,9.22,11.17344,0.99454,0.12
2/12/2023,18:00:00,0,9.22,11.172442,0.99572,0.12
2/12/2023,18:05:00,0,9.22,11.198422,0.99538,0.12
2/12/2023,18:10:00,0,9.22,11.193426,0.99567,0.12
2/12/2023,18:15:00,0,9.26,11.201423,0.99624,0.12
2/12/2023,18:20:00,0,9.18,11.246387,0.99542,0.12
2/12/2023,18:25:00,0,9.18,11.228404,0.99479,0.12
2/12/2023,18:30:00,0,9.35,11.271371,0.99619,0.12
2/12/2023,18:35:00,0,9.39,11.302347,0.99755,0.12
2/12/2023,18:40:00,0,9.39,11.320333,0.99876,0.12
2/12/2023,18:45:00,0,9.18,11.32333,0.99889,0.12
2/12/2023,18:50:00,0,9.31,11.287357,0.99744,0.12
2/12/2023,18:55:00,0,9.14,11.290354,0.99668,0.12
2/12/2023,19:00:00,0,9.09,11.299345,0.99649,0.12
2/12/2023,19:05:00,0,8.96,11.293349,0.99697,0.12
2/12/2023,19:10:00,0,9.05,11.302342,0.99963,0.12
2/12/2023,19:15:00,0,9.05,11.29135,0.99865,0.12
2/12/2023,19:20:00,0,9.01,11.28935,1.00084,0.12
2/12/2023,19:25:00,0,9.05,11.28735,0.99875,0.12
2/12/2023,19:30:00,0,9.05,11.302338,1.00097,0.12
2/12/2023,19:35:00,0,9.01,11.27236,0.9992,0.12
2/12/2023,19:40:00,0,9.05,11.294342,0.99667,0.12
2/12/2023,19:45:00,0,8.88,11.285349,0.99967,0.12
2/12/2023,19:50:00,0,8.88,11.301336,0.99778,0.12
2/12/2023,19:55:00,0,8.96,11.297337,1.00028,0.12
2/12/2023,20:00:00,0,9.01,11.312324,1.00325,0.12
2/12/2023,20:05:00,0,8.79,11.293338,1.00196,0.12
2/12/2023,20:10:00,0,8.79,11.294336,1.0038,0.12
2/12/2023,20:15:00,0,8.79,11.271353,1.00599,0.12
2/12/2023,20:20:00,0,8.83,11.300329,1.00596,0.12
2/12/2023,20:25:00,0,8.75,11.301325,1.00277,0.12
2/12/2023,20:30:00,0,8.79,11.28034,1.00593,0.12
2/12/2023,20:35:00,0,8.75,11.25436,1.00464,0.12
2/12/2023,20:40:00,0,8.79,11.234371,1.0048,0.12
2/12/2023,20:45:00,0,8.66,11.230373,1.00132,0.12
2/12/2023,20:50:00,0,8.66,11.196397,1.00493,0.12
2/12/2023,20:55:00,0,8.75,11.167419,1.00632,0.12
2/12/2023,21:00:00,0,8.75,11.146438,1.00711,0.12
2/12/2023,21:05:00,0,8.83,11.146438,1.00724,0.12
2/12/2023,21:10:00,0,8.88,11.130451,1.00376,0.12
2/12/2023,21:15:00,0,8.79,11.124455,1.00769,0.12
2/12/2023,21:20:00,0,8.88,11.121458,1.00877,0.12
2/12/2023,21:25:00,0,8.75,11.133446,1.00371,0.12
2/12/2023,21:30:00,0,8.88,11.135445,1.00545,0.12
2/12/2023,21:35:00,0,8.79,11.155427,1.00842,0.12
2/12/2023,21:40:00,0,8.88,11.133446,1.01045,0.12
2/12/2023,21:45:00,0,8.88,11.136441,1.01055,0.12
2/12/2023,21:50:00,0,8.75,11.134444,1.00251,0.12
2/12/2023,21:55:00,0,8.79,11.125452,1.0071,0.12
2/12/2023,22:00:00,0,8.83,11.102469,1.01195,0.12
2/12/2023,22:05:00,0,8.71,11.107462,1.00828,0.12
2/12/2023,22:10:00,0,8.62,11.121452,1.01316,0.12
2/12/2023,22:15:00,0,8.66,11.106467,1.01344,0.12
2/12/2023,22:20:00,0,8.71,11.099471,1.0131,0.12
2/12/2023,22:25:00,0,8.66,11.102467,1.01354,0.12
2/12/2023,22:30:00,0,8.75,11.090476,1.00772,0.12
2/12/2023,22:35:00,0,8.62,11.102465,1.0137,0.12
2/12/2023,22:40:00,0,8.66,11.086479,1.01383,0.12
2/12/2023,22:45:00,0,8.66,11.087476,1.00753,0.12
2/12/2023,22:50:00,0,8.53,11.072485,1.00219,0.12
2/12/2023,22:55:00,0,8.53,11.057497,1.00269,0.12
2/12/2023,23:00:00,0,8.62,11.062493,1.00316,0.12
2/12/2023,23:05:00,0,8.66,11.029516,1.00838,0.12
2/12/2023,23:10:00,0,8.58,11.039505,1.00472,0.12
2/12/2023,23:15:00,0,8.71,11.056492,1.00364,0.12
2/12/2023,23:20:00,0,8.58,11.061488,1.00566,0.12
2/12/2023,23:25:00,0,8.66,11.063486,1.00727,0.12
2/12/2023,23:30:00,0,8.53,11.076475,1.00459,0.12
2/12/2023,23:35:00,0,8.53,11.079472,1.00914,0.12
2/12/2023,23:40:00,0,8.41,11.059486,1.01304,0.12
2/12/2023,23:45:00,0,8.58,11.057489,1.01602,0.12
2/12/2023,23:50:00,0,8.53,11.0415,1.0177,0.12
2/12/2023,23:55:00,0,8.53,11.037502,1.01121,0.12
