miniDOT_Date_Time_CDT,   miniDOT_Temp_C,DO_mgL,DO_PercSat,HOBO_Date_Time_CDT,HOBO_Temp_C,HOBO_Light_lux,I
           2022-05-23 14:24:00,22.732,8.078,95.580,05/23/2022 14:20:21,30.46,20177.92,373.29152
           2022-05-23 14:34:00,19.974,8.716,97.736,05/23/2022 14:30:21,22.18,7987.20,147.7632
           2022-05-23 14:44:00,19.915,8.771,98.237,05/23/2022 14:40:21,20.59,8988.16,166.28096
           2022-05-23 14:54:00,19.89,8.785,98.344,05/23/2022 14:50:21,20.50,8849.92,163.72352
           2022-05-23 15:04:00,19.881,8.824,98.763,05/23/2022 15:00:21,20.55,8084.48,149.56288
           2022-05-23 15:14:00,19.898,8.820,98.751,05/23/2022 15:10:21,20.59,7552.00,139.712
           2022-05-23 15:24:00,19.907,8.814,98.702,05/23/2022 15:20:21,20.59,9456.64,174.94784
           2022-05-23 15:34:00,19.948,8.809,98.727,05/23/2022 15:30:21,20.76,11950.08,221.07648
           2022-05-23 15:44:00,20.032,8.794,98.723,05/23/2022 15:40:21,21.06,15139.84,280.08704
           2022-05-23 15:54:00,20.091,8.797,98.873,05/23/2022 15:50:21,20.98,13670.40,252.9024
           2022-05-23 16:04:00,20.191,8.768,98.743,05/23/2022 16:00:21,21.06,20259.84,374.80704
           2022-05-23 16:14:00,20.283,8.764,98.878,05/23/2022 16:10:21,21.70,30730.24,568.50944
           2022-05-23 16:24:00,20.425,8.756,99.066,05/23/2022 16:20:21,21.83,28497.92,527.21152
           2022-05-23 16:34:00,20.501,8.763,99.294,05/23/2022 16:30:21,21.40,13501.44,249.77664
           2022-05-23 16:44:00,20.559,8.757,99.340,05/23/2022 16:40:21,21.28,9935.36,183.80416
           2022-05-23 16:54:00,20.601,8.747,99.309,05/23/2022 16:50:21,21.23,7096.32,131.28192
           2022-05-23 17:04:00,20.526,8.768,99.400,05/23/2022 17:00:21,21.06,6233.60,115.3216
           2022-05-23 17:14:00,20.434,8.755,99.073,05/23/2022 17:10:21,20.89,6136.32,113.52192
           2022-05-23 17:24:00,20.292,8.750,98.738,05/23/2022 17:20:21,20.80,7242.24,133.98144
           2022-05-23 17:34:00,20.174,8.761,98.631,05/23/2022 17:30:21,20.72,6848.00,126.688
           2022-05-23 17:44:00,20.124,8.749,98.399,05/23/2022 17:40:21,20.59,5696.00,105.376
           2022-05-23 17:54:00,20.066,8.725,98.016,05/23/2022 17:50:21,20.46,3930.88,72.72128
           2022-05-23 18:04:00,19.999,8.704,97.650,05/23/2022 18:00:21,20.37,3345.92,61.89952
           2022-05-23 18:14:00,19.89,8.696,97.349,05/23/2022 18:10:21,20.25,2680.32,49.58592
           2022-05-23 18:24:00,19.789,8.623,96.338,05/23/2022 18:20:21,20.12,3219.20,59.5552
           2022-05-23 18:34:00,19.739,8.600,95.986,05/23/2022 18:30:21,20.03,2576.64,47.66784
           2022-05-23 18:44:00,19.647,8.560,95.364,05/23/2022 18:40:21,19.95,1800.32,33.30592
           2022-05-23 18:54:00,19.58,8.523,94.825,05/23/2022 18:50:21,19.82,1454.72,26.91232
           2022-05-23 19:04:00,19.505,8.459,93.973,05/23/2022 19:00:21,19.77,1064.00,19.684
           2022-05-23 19:14:00,19.463,8.444,93.727,05/23/2022 19:10:21,19.69,941.44,17.41664
           2022-05-23 19:24:00,19.387,8.175,90.607,05/23/2022 19:20:21,19.60,595.84,11.02304
           2022-05-23 19:34:00,19.345,8.185,90.641,05/23/2022 19:30:21,19.56,358.24,6.62744
           2022-05-23 19:44:00,19.303,8.161,90.299,05/23/2022 19:40:21,19.47,190.08,3.51648
           2022-05-23 19:54:00,19.245,8.121,89.752,05/23/2022 19:50:21,19.43,74.64,1.38084
           2022-05-23 20:04:00,19.219,8.073,89.176,05/23/2022 20:00:21,19.43,15.40,0.2849
           2022-05-23 20:14:00,19.178,7.998,88.264,05/23/2022 20:10:21,19.35,2.58,0.04773
           2022-05-23 20:24:00,19.152,7.939,87.568,05/23/2022 20:20:21,19.30,0.00,0
           2022-05-23 20:34:00,19.119,7.881,86.871,05/23/2022 20:30:21,19.30,0.00,0
           2022-05-23 20:44:00,19.094,7.830,86.266,05/23/2022 20:40:21,19.26,0.00,0
           2022-05-23 20:54:00,19.043,7.785,85.682,05/23/2022 20:50:21,19.22,0.00,0
           2022-05-23 21:04:00,19.018,6.889,75.783,05/23/2022 21:00:21,19.17,0.00,0
           2022-05-23 21:14:00,18.985,6.638,72.976,05/23/2022 21:10:21,19.17,0.00,0
           2022-05-23 21:24:00,18.951,6.653,73.091,05/23/2022 21:20:21,19.17,0.00,0
           2022-05-23 21:34:00,18.917,6.624,72.723,05/23/2022 21:30:21,19.09,0.00,0
           2022-05-23 21:44:00,18.884,6.529,71.633,05/23/2022 21:40:21,19.05,0.00,0
           2022-05-23 21:54:00,18.867,6.593,72.309,05/23/2022 21:50:21,19.05,0.00,0
           2022-05-23 22:04:00,18.833,6.592,72.249,05/23/2022 22:00:21,19.00,0.00,0
           2022-05-23 22:14:00,18.791,6.535,71.564,05/23/2022 22:10:21,19.00,0.00,0
           2022-05-23 22:24:00,18.775,6.461,70.731,05/23/2022 22:20:21,19.00,0.00,0
           2022-05-23 22:34:00,18.741,6.468,70.759,05/23/2022 22:30:21,18.87,0.00,0
           2022-05-23 22:44:00,18.716,6.482,70.876,05/23/2022 22:40:21,18.87,0.00,0
           2022-05-23 22:54:00,18.674,6.451,70.477,05/23/2022 22:50:21,18.83,0.00,0
           2022-05-23 23:04:00,18.64,6.473,70.668,05/23/2022 23:00:21,18.79,0.00,0
           2022-05-23 23:14:00,18.623,6.503,70.971,05/23/2022 23:10:21,18.74,0.00,0
           2022-05-23 23:24:00,18.573,6.458,70.409,05/23/2022 23:20:21,18.70,0.00,0
           2022-05-23 23:34:00,18.523,6.417,69.891,05/23/2022 23:30:21,18.70,0.00,0
           2022-05-23 23:44:00,18.531,6.453,70.294,05/23/2022 23:40:21,18.66,0.00,0
           2022-05-23 23:54:00,18.472,6.459,70.275,05/23/2022 23:50:21,18.62,0.00,0
           2022-05-24 00:04:00,18.455,6.446,70.109,05/24/2022 00:00:21,18.62,0.00,0
           2022-05-24 00:14:00,18.43,6.458,70.204,05/24/2022 00:10:21,18.62,0.00,0
           2022-05-24 00:24:00,18.405,6.428,69.843,05/24/2022 00:20:21,18.53,0.00,0
           2022-05-24 00:34:00,18.346,6.494,70.474,05/24/2022 00:30:21,18.49,0.00,0
           2022-05-24 00:44:00,18.337,6.501,70.537,05/24/2022 00:40:21,18.53,0.00,0
           2022-05-24 00:54:00,18.304,6.500,70.478,05/24/2022 00:50:21,18.53,0.00,0
           2022-05-24 01:04:00,18.27,6.504,70.473,05/24/2022 01:00:21,18.40,0.00,0
           2022-05-24 01:14:00,18.253,6.478,70.167,05/24/2022 01:10:21,18.40,0.00,0
           2022-05-24 01:24:00,18.211,6.494,70.279,05/24/2022 01:20:21,18.40,0.00,0
           2022-05-24 01:34:00,18.194,6.472,70.017,05/24/2022 01:30:21,18.32,0.00,0
           2022-05-24 01:44:00,18.161,6.461,69.851,05/24/2022 01:40:21,18.32,0.00,0
           2022-05-24 01:54:00,18.144,6.487,70.107,05/24/2022 01:50:21,18.32,0.00,0
           2022-05-24 02:04:00,18.135,6.496,70.192,05/24/2022 02:00:21,18.27,0.00,0
           2022-05-24 02:14:00,18.11,6.484,70.026,05/24/2022 02:10:21,18.27,0.00,0
           2022-05-24 02:24:00,18.076,6.501,70.161,05/24/2022 02:20:21,18.27,0.00,0
           2022-05-24 02:34:00,18.068,6.500,70.138,05/24/2022 02:30:21,18.23,0.00,0
           2022-05-24 02:44:00,18.043,6.518,70.296,05/24/2022 02:40:21,18.23,0.00,0
           2022-05-24 02:54:00,18.034,6.505,70.143,05/24/2022 02:50:21,18.19,0.00,0
           2022-05-24 03:04:00,18.009,6.464,69.666,05/24/2022 03:00:21,18.19,0.00,0
           2022-05-24 03:14:00,18.017,6.490,69.957,05/24/2022 03:10:21,18.19,0.00,0
           2022-05-24 03:24:00,18.001,6.499,70.031,05/24/2022 03:20:21,18.14,0.00,0
           2022-05-24 03:34:00,17.975,6.504,70.048,05/24/2022 03:30:21,18.10,0.00,0
           2022-05-24 03:44:00,17.967,6.521,70.219,05/24/2022 03:40:21,18.10,0.00,0
           2022-05-24 03:54:00,17.933,6.524,70.202,05/24/2022 03:50:21,18.10,0.00,0
           2022-05-24 04:04:00,17.916,6.522,70.156,05/24/2022 04:00:21,18.14,0.00,0
           2022-05-24 04:14:00,17.899,6.514,70.046,05/24/2022 04:10:21,18.10,0.00,0
           2022-05-24 04:24:00,17.899,6.495,69.841,05/24/2022 04:20:21,18.06,0.00,0
           2022-05-24 04:34:00,17.891,6.518,70.077,05/24/2022 04:30:21,18.06,0.00,0
           2022-05-24 04:44:00,17.857,6.531,70.167,05/24/2022 04:40:21,18.02,0.00,0
           2022-05-24 04:54:00,17.866,6.531,70.180,05/24/2022 04:50:21,18.02,0.00,0
           2022-05-24 05:04:00,17.84,6.501,69.821,05/24/2022 05:00:21,18.06,0.00,0
           2022-05-24 05:14:00,17.84,6.527,70.100,05/24/2022 05:10:21,18.02,0.00,0
           2022-05-24 05:24:00,17.824,6.516,69.959,05/24/2022 05:20:21,18.02,2.58,0.04773
           2022-05-24 05:34:00,17.824,6.504,69.830,05/24/2022 05:30:21,18.02,13.43,0.248455
           2022-05-24 05:44:00,17.798,6.474,69.471,05/24/2022 05:40:21,17.93,38.56,0.71336
           2022-05-24 05:54:00,17.798,6.511,69.868,05/24/2022 05:50:21,18.02,96.32,1.78192
           2022-05-24 06:04:00,17.798,6.512,69.879,05/24/2022 06:00:21,17.97,165.68,3.06508
           2022-05-24 06:14:00,17.781,6.508,69.811,05/24/2022 06:10:21,17.93,242.08,4.47848
           2022-05-24 06:24:00,17.756,6.507,69.764,05/24/2022 06:20:21,17.97,475.52,8.79712
           2022-05-24 06:34:00,17.765,6.502,69.724,05/24/2022 06:30:21,17.97,552.64,10.22384
           2022-05-24 06:44:00,17.748,6.576,70.492,05/24/2022 06:40:21,17.97,739.20,13.6752
           2022-05-24 06:54:00,17.765,6.601,70.784,05/24/2022 06:50:21,17.97,982.08,18.16848
           2022-05-24 07:04:00,17.773,6.620,70.999,05/24/2022 07:00:21,18.02,1006.08,18.61248
           2022-05-24 07:14:00,17.798,6.655,71.411,05/24/2022 07:10:21,18.02,1650.56,30.53536
           2022-05-24 07:24:00,17.807,6.748,72.421,05/24/2022 07:20:21,18.10,2131.20,39.4272
           2022-05-24 07:34:00,17.807,6.859,73.611,05/24/2022 07:30:21,18.10,2129.92,39.40352
           2022-05-24 07:44:00,17.84,6.967,74.820,05/24/2022 07:40:21,18.19,2938.88,54.36928
           2022-05-24 07:54:00,17.883,7.059,75.874,05/24/2022 07:50:21,18.23,3372.80,62.3968
           2022-05-24 08:04:00,17.925,7.182,77.272,05/24/2022 08:00:21,18.32,4131.84,76.43904
           2022-05-24 08:14:00,17.975,7.350,79.158,05/24/2022 08:10:21,18.36,4465.92,82.61952
           2022-05-24 08:24:00,18.009,7.489,80.710,05/24/2022 08:20:21,18.36,3800.32,70.30592
           2022-05-24 08:34:00,18.051,7.623,82.223,05/24/2022 08:30:21,18.44,3810.56,70.49536
           2022-05-24 08:44:00,18.076,7.783,83.990,05/24/2022 08:40:21,18.44,3692.80,68.3168
           2022-05-24 08:54:00,18.127,7.865,84.963,05/24/2022 08:50:21,18.62,5601.28,103.62368
           2022-05-24 09:04:00,18.186,8.021,86.762,05/24/2022 09:00:21,18.74,7193.60,133.0816
           2022-05-24 09:14:00,18.304,8.047,87.253,05/24/2022 09:10:21,18.92,8181.76,151.36256
           2022-05-24 09:24:00,18.388,8.169,88.727,05/24/2022 09:20:21,19.09,8739.84,161.68704
           2022-05-24 09:34:00,18.472,8.260,89.868,05/24/2022 09:30:21,19.05,7385.60,136.6336
           2022-05-24 09:44:00,18.523,8.341,90.842,05/24/2022 09:40:21,19.05,6965.76,128.86656
           2022-05-24 09:54:00,18.581,8.601,93.781,05/24/2022 09:50:21,19.05,5939.20,109.8752
           2022-05-24 10:04:00,18.607,8.598,93.798,05/24/2022 10:00:21,19.09,6592.00,121.952
           2022-05-24 10:14:00,18.691,8.701,95.083,05/24/2022 10:10:21,19.35,8373.76,154.91456
           2022-05-24 10:24:00,18.766,8.722,95.457,05/24/2022 10:20:21,19.52,9574.40,177.1264
           2022-05-24 10:34:00,18.875,8.723,95.679,05/24/2022 10:30:21,19.60,11136.00,206.016
           2022-05-24 10:44:00,18.943,8.778,96.415,05/24/2022 10:40:21,19.73,11043.84,204.31104
           2022-05-24 10:54:00,19.077,8.815,97.083,05/24/2022 10:50:21,19.99,14330.88,265.12128
           2022-05-24 11:04:00,19.219,8.911,98.432,05/24/2022 11:00:21,20.12,12323.84,227.99104
           2022-05-24 11:14:00,19.295,9.004,99.610,05/24/2022 11:10:21,20.07,10920.96,202.03776
           2022-05-24 11:24:00,19.387,9.075,100.580,05/24/2022 11:20:21,20.16,10396.16,192.32896
           2022-05-24 11:34:00,19.53,9.077,100.892,05/24/2022 11:30:21,20.59,14684.16,271.65696
           2022-05-24 11:44:00,19.647,9.107,101.462,05/24/2022 11:40:21,20.72,13808.64,255.45984
           2022-05-24 11:54:00,19.798,9.126,101.981,05/24/2022 11:50:21,20.98,19891.20,367.9872
           2022-05-24 12:04:00,19.965,9.156,102.657,05/24/2022 12:00:21,21.19,19266.56,356.43136
           2022-05-24 12:14:00,20.149,9.198,103.505,05/24/2022 12:10:21,21.49,22405.12,414.49472
           2022-05-24 12:24:00,20.25,9.268,104.501,05/24/2022 12:20:21,21.23,14571.52,269.57312
           2022-05-24 12:34:00,20.451,9.299,105.268,05/24/2022 12:30:21,21.62,16783.36,310.49216
           2022-05-24 12:44:00,20.467,9.351,105.890,05/24/2022 12:40:21,21.23,9891.84,182.99904
           2022-05-24 12:54:00,20.593,9.276,105.303,05/24/2022 12:50:21,21.83,27432.96,507.50976
           2022-05-24 13:04:00,20.701,9.271,105.470,05/24/2022 13:00:21,22.13,24227.84,448.21504
           2022-05-24 13:14:00,20.835,9.282,105.874,05/24/2022 13:10:21,22.18,22016.00,407.296
           2022-05-24 13:24:00,21.002,9.266,106.038,05/24/2022 13:20:21,22.39,25395.20,469.8112
           2022-05-24 13:34:00,21.144,9.271,106.390,05/24/2022 13:30:21,22.56,26030.08,481.55648
           2022-05-24 13:44:00,21.345,9.355,107.775,05/24/2022 13:40:21,22.82,29818.88,551.64928
           2022-05-24 13:54:00,21.571,9.408,108.863,05/24/2022 13:50:21,23.21,29798.40,551.2704
           2022-05-24 14:04:00,21.771,9.387,109.042,05/24/2022 14:00:21,23.25,22067.20,408.2432
           2022-05-24 14:14:00,22.03,9.381,109.519,05/24/2022 14:10:21,23.68,38891.52,719.49312
           2022-05-24 14:24:00,22.047,9.382,109.566,05/24/2022 14:20:21,22.69,6758.40,125.0304
           2022-05-24 14:34:00,22.147,9.352,109.427,05/24/2022 14:30:21,22.91,17909.76,331.33056
           2022-05-24 14:44:00,22.139,9.239,108.090,05/24/2022 14:40:21,23.03,17029.12,315.03872
           2022-05-24 14:54:00,21.938,9.076,105.774,05/24/2022 14:50:21,22.56,5716.48,105.75488
           2022-05-24 15:04:00,21.696,8.911,103.357,05/24/2022 15:00:21,22.13,4632.32,85.69792
           2022-05-24 15:14:00,21.562,8.859,102.488,05/24/2022 15:10:21,22.09,7429.12,137.43872
           2022-05-24 15:24:00,21.395,8.728,100.647,05/24/2022 15:20:21,21.96,6213.12,114.94272
           2022-05-24 15:34:00,21.211,8.683,99.770,05/24/2022 15:30:21,21.58,2576.64,47.66784
           2022-05-24 15:44:00,21.061,8.458,96.903,05/24/2022 15:40:21,21.32,714.56,13.21936
           2022-05-24 15:54:00,20.869,8.174,93.301,05/24/2022 15:50:21,21.10,1680.64,31.09184
           2022-05-24 16:04:00,20.651,7.891,89.678,05/24/2022 16:00:21,20.93,2289.92,42.36352
           2022-05-24 16:14:00,20.609,7.749,87.994,05/24/2022 16:10:21,21.10,7621.12,140.99072
           2022-05-24 16:24:00,20.626,7.711,87.592,05/24/2022 16:20:21,21.23,8545.28,158.08768
           2022-05-24 16:34:00,20.676,7.728,87.871,05/24/2022 16:30:21,21.19,6266.88,115.93728
           2022-05-24 16:44:00,20.668,7.798,88.652,05/24/2022 16:40:21,21.02,2771.20,51.2672
           2022-05-24 16:54:00,20.676,7.767,88.314,05/24/2022 16:50:21,20.98,2355.84,43.58304
           2022-05-24 17:04:00,20.701,7.850,89.301,05/24/2022 17:00:21,21.02,2433.28,45.01568
           2022-05-24 17:14:00,20.66,7.662,87.094,05/24/2022 17:10:21,21.02,3769.60,69.7376
           2022-05-24 17:24:00,20.601,7.535,85.553,05/24/2022 17:20:21,21.02,3592.96,66.46976
           2022-05-24 17:34:00,20.543,7.465,84.662,05/24/2022 17:30:21,20.85,2786.56,51.55136
           2022-05-24 17:44:00,20.476,7.441,84.279,05/24/2022 17:40:21,20.80,2602.88,48.15328
           2022-05-24 17:54:00,20.392,7.371,83.348,05/24/2022 17:50:21,20.80,3920.64,72.53184
           2022-05-24 18:04:00,20.325,7.352,83.024,05/24/2022 18:00:21,20.72,3068.16,56.76096
           2022-05-24 18:14:00,20.266,7.350,82.904,05/24/2022 18:10:21,20.63,3765.76,69.66656
           2022-05-24 18:24:00,20.191,7.328,82.534,05/24/2022 18:20:21,20.50,2096.64,38.78784
           2022-05-24 18:34:00,20.099,7.354,82.675,05/24/2022 18:30:21,20.42,3176.96,58.77376
           2022-05-24 18:44:00,20.049,7.319,82.200,05/24/2022 18:40:21,20.37,2193.28,40.57568
           2022-05-24 18:54:00,19.982,7.323,82.135,05/24/2022 18:50:21,20.25,1783.04,32.98624
           2022-05-24 19:04:00,19.898,7.269,81.394,05/24/2022 19:00:21,20.12,1171.84,21.67904
           2022-05-24 19:14:00,19.831,7.200,80.504,05/24/2022 19:10:21,20.07,831.68,15.38608
           2022-05-24 19:24:00,19.773,7.138,79.719,05/24/2022 19:20:21,20.03,582.88,10.78328
           2022-05-24 19:34:00,19.731,7.037,78.526,05/24/2022 19:30:21,19.90,427.52,7.90912
           2022-05-24 19:44:00,19.664,6.960,77.564,05/24/2022 19:40:21,19.90,192.64,3.56384
           2022-05-24 19:54:00,19.639,6.917,77.047,05/24/2022 19:50:21,19.86,63.74,1.17919
           2022-05-24 20:04:00,19.647,6.827,76.058,05/24/2022 20:00:21,19.82,24.27,0.448995
           2022-05-24 20:14:00,19.639,6.724,74.900,05/24/2022 20:10:21,19.82,2.15,0.039775
           2022-05-24 20:24:00,19.639,6.694,74.566,05/24/2022 20:20:21,19.82,0.00,0
           2022-05-24 20:34:00,19.613,6.669,74.249,05/24/2022 20:30:21,19.82,0.00,0
           2022-05-24 20:44:00,19.63,6.557,73.028,05/24/2022 20:40:21,19.86,0.00,0
           2022-05-24 20:54:00,19.622,6.526,72.672,05/24/2022 20:50:21,19.82,0.00,0
           2022-05-24 21:04:00,19.639,6.483,72.218,05/24/2022 21:00:21,19.86,0.00,0
           2022-05-24 21:14:00,19.639,6.464,72.007,05/24/2022 21:10:21,19.82,0.00,0
           2022-05-24 21:24:00,19.639,6.444,71.784,05/24/2022 21:20:21,19.86,0.00,0
           2022-05-24 21:34:00,19.655,6.405,71.373,05/24/2022 21:30:21,19.82,0.00,0
           2022-05-24 21:44:00,19.664,6.355,70.830,05/24/2022 21:40:21,19.82,0.00,0
           2022-05-24 21:54:00,19.639,6.373,70.994,05/24/2022 21:50:21,19.82,0.00,0
           2022-05-24 22:04:00,19.647,6.354,70.794,05/24/2022 22:00:21,19.86,0.00,0
           2022-05-24 22:14:00,19.639,6.385,71.128,05/24/2022 22:10:21,19.82,0.00,0
           2022-05-24 22:24:00,19.664,6.360,70.885,05/24/2022 22:20:21,19.77,0.00,0
           2022-05-24 22:34:00,19.622,6.357,70.792,05/24/2022 22:30:21,19.82,0.00,0
           2022-05-24 22:44:00,19.622,6.315,70.314,05/24/2022 22:40:21,19.82,0.00,0
           2022-05-24 22:54:00,19.605,6.318,70.324,05/24/2022 22:50:21,19.77,0.00,0
           2022-05-24 23:04:00,19.597,6.297,70.079,05/24/2022 23:00:21,19.77,0.00,0
           2022-05-24 23:14:00,19.572,6.377,70.944,05/24/2022 23:10:21,19.73,0.00,0
           2022-05-24 23:24:00,19.572,6.337,70.488,05/24/2022 23:20:21,19.73,0.00,0
           2022-05-24 23:34:00,19.555,6.304,70.098,05/24/2022 23:30:21,19.73,0.00,0
           2022-05-24 23:44:00,19.538,6.299,70.018,05/24/2022 23:40:21,19.73,0.00,0
           2022-05-24 23:54:00,19.513,6.425,71.393,05/24/2022 23:50:21,19.69,0.00,0
           2022-05-25 00:04:00,19.488,6.535,72.577,05/25/2022 00:00:21,19.65,0.00,0
           2022-05-25 00:14:00,19.488,6.513,72.333,05/25/2022 00:10:21,19.65,0.00,0
           2022-05-25 00:24:00,19.488,6.475,71.911,05/25/2022 00:20:21,19.65,0.00,0
           2022-05-25 00:34:00,19.479,6.441,71.521,05/25/2022 00:30:21,19.65,0.00,0
           2022-05-25 00:44:00,19.488,6.380,70.858,05/25/2022 00:40:21,19.65,0.00,0
           2022-05-25 00:54:00,19.479,6.405,71.122,05/25/2022 00:50:21,19.69,0.00,0
           2022-05-25 01:04:00,19.496,6.332,70.325,05/25/2022 01:00:21,19.69,0.00,0
           2022-05-25 01:14:00,19.437,6.403,71.040,05/25/2022 01:10:21,19.65,0.00,0
           2022-05-25 01:24:00,19.387,6.392,70.847,05/25/2022 01:20:21,19.60,0.00,0
           2022-05-25 01:34:00,19.354,6.422,71.132,05/25/2022 01:30:21,19.56,0.00,0
           2022-05-25 01:44:00,19.312,6.420,71.050,05/25/2022 01:40:21,19.47,0.00,0
           2022-05-25 01:54:00,19.228,6.459,71.360,05/25/2022 01:50:21,19.39,0.00,0
           2022-05-25 02:04:00,19.194,6.528,72.072,05/25/2022 02:00:21,19.39,0.00,0
           2022-05-25 02:14:00,19.161,6.604,72.862,05/25/2022 02:10:21,19.35,0.00,0
           2022-05-25 02:24:00,19.127,6.642,73.230,05/25/2022 02:20:21,19.30,0.00,0
           2022-05-25 02:34:00,19.119,6.672,73.549,05/25/2022 02:30:21,19.30,0.00,0
           2022-05-25 02:44:00,19.102,6.684,73.655,05/25/2022 02:40:21,19.26,0.00,0
           2022-05-25 02:54:00,19.102,6.723,74.085,05/25/2022 02:50:21,19.26,0.00,0
           2022-05-25 03:04:00,19.119,6.750,74.407,05/25/2022 03:00:21,19.30,0.00,0
           2022-05-25 03:14:00,19.11,6.749,74.383,05/25/2022 03:10:21,19.30,0.00,0
           2022-05-25 03:24:00,19.119,6.796,74.914,05/25/2022 03:20:21,19.35,0.00,0
           2022-05-25 03:34:00,19.178,6.798,75.025,05/25/2022 03:30:21,19.30,0.00,0
           2022-05-25 03:44:00,19.169,6.832,75.386,05/25/2022 03:40:21,19.39,0.00,0
           2022-05-25 03:54:00,19.228,6.828,75.432,05/25/2022 03:50:21,19.43,0.00,0
           2022-05-25 04:04:00,19.253,6.807,75.238,05/25/2022 04:00:21,19.43,0.00,0
           2022-05-25 04:14:00,19.27,6.810,75.297,05/25/2022 04:10:21,19.43,0.00,0
           2022-05-25 04:24:00,19.295,6.789,75.103,05/25/2022 04:20:21,19.47,0.00,0
           2022-05-25 04:34:00,19.329,6.804,75.320,05/25/2022 04:30:21,19.47,0.00,0
           2022-05-25 04:44:00,19.345,6.814,75.455,05/25/2022 04:40:21,19.56,0.00,0
           2022-05-25 04:54:00,19.37,6.812,75.470,05/25/2022 04:50:21,19.52,0.00,0
           2022-05-25 05:04:00,19.379,6.755,74.853,05/25/2022 05:00:21,19.52,0.00,0
           2022-05-25 05:14:00,19.379,6.813,75.495,05/25/2022 05:10:21,19.56,0.00,0
           2022-05-25 05:24:00,19.404,6.790,75.278,05/25/2022 05:20:21,19.56,4.96,0.09176
           2022-05-25 05:34:00,19.412,6.784,75.224,05/25/2022 05:30:21,19.56,28.15,0.520775
           2022-05-25 05:44:00,19.412,6.786,75.246,05/25/2022 05:40:21,19.60,85.00,1.5725
           2022-05-25 05:54:00,19.404,6.773,75.090,05/25/2022 05:50:21,19.60,199.52,3.69112
           2022-05-25 06:04:00,19.412,6.804,75.446,05/25/2022 06:00:21,19.65,342.72,6.34032
           2022-05-25 06:14:00,19.429,6.817,75.615,05/25/2022 06:10:21,19.65,320.16,5.92296
           2022-05-25 06:24:00,19.463,6.823,75.734,05/25/2022 06:20:21,19.65,531.52,9.83312
           2022-05-25 06:34:00,19.463,6.823,75.734,05/25/2022 06:30:21,19.69,753.60,13.9416
           2022-05-25 06:44:00,19.479,6.873,76.312,05/25/2022 06:40:21,19.69,1170.24,21.64944
           2022-05-25 06:54:00,19.513,6.913,76.808,05/25/2022 06:50:21,19.82,1280.64,23.69184
           2022-05-25 07:04:00,19.555,6.999,77.828,05/25/2022 07:00:21,19.82,1781.12,32.95072
           2022-05-25 07:14:00,19.588,7.082,78.802,05/25/2022 07:10:21,19.86,2360.96,43.67776
           2022-05-25 07:24:00,19.622,7.171,79.846,05/25/2022 07:20:21,19.95,2393.60,44.2816
           2022-05-25 07:34:00,19.697,7.264,81.013,05/25/2022 07:30:21,19.99,2426.88,44.89728
           2022-05-25 07:44:00,19.697,7.327,81.714,05/25/2022 07:40:21,20.03,2371.20,43.8672
           2022-05-25 07:54:00,19.731,7.323,81.725,05/25/2022 07:50:21,19.99,2159.36,39.94816
           2022-05-25 08:04:00,19.731,7.349,82.015,05/25/2022 08:00:21,19.99,1731.20,32.0272
           2022-05-25 08:14:00,19.748,7.379,82.378,05/25/2022 08:10:21,20.03,2416.00,44.696
           2022-05-25 08:24:00,19.781,7.414,82.822,05/25/2022 08:20:21,20.12,2126.08,39.33248
           2022-05-25 08:34:00,19.881,7.497,83.916,05/25/2022 08:30:21,20.29,4469.76,82.69056
           2022-05-25 08:44:00,19.974,7.519,84.318,05/25/2022 08:40:21,20.42,4870.40,90.1024
           2022-05-25 08:54:00,20.183,7.654,86.187,05/25/2022 08:50:21,20.68,4638.72,85.81632
           2022-05-25 09:04:00,20.392,7.788,88.058,05/25/2022 09:00:21,20.98,5208.32,96.35392
           2022-05-25 09:14:00,20.392,7.871,88.995,05/25/2022 09:10:21,20.98,4770.56,88.25536
           2022-05-25 09:24:00,20.601,7.864,89.284,05/25/2022 09:20:21,21.28,8939.52,165.38112
           2022-05-25 09:34:00,20.634,7.908,89.841,05/25/2022 09:30:21,21.40,9753.60,180.4416
           2022-05-25 09:44:00,20.768,7.955,90.613,05/25/2022 09:40:21,21.45,9753.60,180.4416
           2022-05-25 09:54:00,20.835,8.030,91.587,05/25/2022 09:50:21,21.40,5629.44,104.14464
           2022-05-25 10:04:00,20.835,8.043,91.735,05/25/2022 10:00:21,21.49,4787.20,88.5632
           2022-05-25 10:14:00,21.061,8.105,92.852,05/25/2022 10:10:21,21.92,10685.44,197.68064
           2022-05-25 10:24:00,21.044,8.127,93.073,05/25/2022 10:20:21,21.66,10327.04,191.05024
           2022-05-25 10:34:00,21.078,8.119,93.043,05/25/2022 10:30:21,21.66,6502.40,120.2944
           2022-05-25 10:44:00,21.044,8.102,92.787,05/25/2022 10:40:21,21.58,5370.88,99.36128
           2022-05-25 10:54:00,21.002,8.059,92.219,05/25/2022 10:50:21,21.32,2117.76,39.17856
           2022-05-25 11:04:00,21.036,7.963,91.182,05/25/2022 11:00:21,21.53,7787.52,144.06912
           2022-05-25 11:14:00,21.094,7.949,91.126,05/25/2022 11:10:21,21.83,7503.36,138.81216
           2022-05-25 11:24:00,21.119,8.002,91.777,05/25/2022 11:20:21,21.45,3111.68,57.56608
           2022-05-25 11:34:00,21.211,8.018,92.126,05/25/2022 11:30:21,21.79,3955.20,73.1712
           2022-05-25 11:44:00,21.236,7.971,91.631,05/25/2022 11:40:21,21.92,8780.80,162.4448
           2022-05-25 11:54:00,21.245,7.972,91.659,05/25/2022 11:50:21,21.66,4901.12,90.67072
           2022-05-25 12:04:00,21.253,7.920,91.076,05/25/2022 12:00:21,21.70,3841.28,71.06368
           2022-05-25 12:14:00,21.245,7.903,90.867,05/25/2022 12:10:21,21.66,4369.92,80.84352
           2022-05-25 12:24:00,21.295,7.920,91.151,05/25/2022 12:20:21,21.83,6681.60,123.6096
           2022-05-25 12:34:00,21.303,7.931,91.291,05/25/2022 12:30:21,21.70,2611.20,48.3072
           2022-05-25 12:44:00,21.395,7.936,91.513,05/25/2022 12:40:21,21.92,9920.00,183.52
           2022-05-25 12:54:00,21.487,7.952,91.861,05/25/2022 12:50:21,22.13,4069.12,75.27872
           2022-05-25 13:04:00,21.529,7.952,91.936,05/25/2022 13:00:21,22.01,7206.40,133.3184
           2022-05-25 13:14:00,21.487,7.988,92.277,05/25/2022 13:10:21,21.88,3526.40,65.2384
           2022-05-25 13:24:00,21.462,7.959,91.897,05/25/2022 13:20:21,21.96,6581.76,121.76256
           2022-05-25 13:34:00,21.445,7.949,91.752,05/25/2022 13:30:21,22.01,7157.76,132.41856
           2022-05-25 13:44:00,21.445,8.005,92.397,05/25/2022 13:40:21,22.05,7185.92,132.93952
           2022-05-25 13:54:00,21.52,8.101,93.641,05/25/2022 13:50:21,22.18,9223.68,170.63808
           2022-05-25 14:04:00,21.529,8.157,94.304,05/25/2022 14:00:21,22.09,6492.16,120.10496
           2022-05-25 14:14:00,21.562,8.193,94.792,05/25/2022 14:10:21,22.26,10624.00,196.544
           2022-05-25 14:24:00,21.537,8.197,94.792,05/25/2022 14:20:21,22.09,7759.36,143.54816
           2022-05-25 14:34:00,21.529,8.212,94.950,05/25/2022 14:30:21,22.01,5263.36,97.37216
           2022-05-25 14:44:00,21.571,8.158,94.392,05/25/2022 14:40:21,22.22,9208.32,170.35392
           2022-05-25 14:54:00,21.629,8.155,94.464,05/25/2022 14:50:21,22.48,10629.12,196.63872
           2022-05-25 15:04:00,21.629,8.192,94.903,05/25/2022 15:00:21,22.09,6272.00,116.032
           2022-05-25 15:14:00,21.604,8.191,94.846,05/25/2022 15:10:21,22.05,4062.72,75.16032
           2022-05-25 15:24:00,21.529,8.116,93.830,05/25/2022 15:20:21,21.92,5992.96,110.86976
           2022-05-25 15:34:00,21.487,7.973,92.104,05/25/2022 15:30:21,22.22,22620.16,418.47296
           2022-05-25 15:44:00,21.621,7.986,92.494,05/25/2022 15:40:21,22.65,25180.16,465.83296
           2022-05-25 15:54:00,21.688,7.948,92.174,05/25/2022 15:50:21,22.31,8552.96,158.22976
           2022-05-25 16:04:00,21.738,8.025,93.156,05/25/2022 16:00:21,22.26,5706.24,105.56544
           2022-05-25 16:14:00,21.721,8.171,94.829,05/25/2022 16:10:21,22.18,5112.32,94.57792
           2022-05-25 16:24:00,21.604,8.090,93.666,05/25/2022 16:20:21,21.96,3086.08,57.09248
           2022-05-25 16:34:00,21.495,7.901,91.287,05/25/2022 16:30:21,21.88,4691.20,86.7872
           2022-05-25 16:44:00,21.429,7.841,90.478,05/25/2022 16:40:21,21.75,3311.36,61.26016
           2022-05-25 16:54:00,21.37,7.749,89.315,05/25/2022 16:50:21,21.75,4418.56,81.74336
           2022-05-25 17:04:00,21.37,7.754,89.373,05/25/2022 17:00:21,21.75,4567.04,84.49024
           2022-05-25 17:14:00,21.345,7.727,89.019,05/25/2022 17:10:21,21.70,3544.32,65.56992
           2022-05-25 17:24:00,21.37,7.746,89.281,05/25/2022 17:20:21,21.83,6796.80,125.7408
           2022-05-25 17:34:00,21.353,7.704,88.768,05/25/2022 17:30:21,21.79,3365.12,62.25472
           2022-05-25 17:44:00,21.328,7.706,88.748,05/25/2022 17:40:21,21.62,1683.20,31.1392
           2022-05-25 17:54:00,21.27,7.637,87.854,05/25/2022 17:50:21,21.53,1466.88,27.13728
           2022-05-25 18:04:00,21.161,7.452,85.547,05/25/2022 18:00:21,21.36,201.28,3.72368
           2022-05-25 18:14:00,21.019,7.289,83.446,05/25/2022 18:10:21,21.28,193.52,3.58012
           2022-05-25 18:24:00,20.885,7.087,80.912,05/25/2022 18:20:21,21.06,258.64,4.78484
           2022-05-25 18:34:00,20.768,6.867,78.223,05/25/2022 18:30:21,20.93,436.48,8.07488
           2022-05-25 18:44:00,20.701,6.750,76.790,05/25/2022 18:40:21,20.89,442.40,8.1844
           2022-05-25 18:54:00,20.66,6.698,76.138,05/25/2022 18:50:21,20.89,333.28,6.16568
           2022-05-25 19:04:00,20.584,6.625,75.196,05/25/2022 19:00:21,20.85,298.56,5.52336
           2022-05-25 19:14:00,20.4,6.645,75.150,05/25/2022 19:10:21,20.63,292.56,5.41236
           2022-05-25 19:24:00,20.308,6.600,74.506,05/25/2022 19:20:21,20.46,142.28,2.63218
           2022-05-25 19:34:00,20.233,6.657,75.037,05/25/2022 19:30:21,20.42,83.28,1.54068
           2022-05-25 19:44:00,20.158,6.642,74.757,05/25/2022 19:40:21,20.33,46.44,0.85914
           2022-05-25 19:54:00,20.082,6.646,74.689,05/25/2022 19:50:21,20.25,40.29,0.745365
           2022-05-25 20:04:00,20.007,6.635,74.454,05/25/2022 20:00:21,20.12,13.86,0.25641
           2022-05-25 20:14:00,19.898,6.792,76.049,05/25/2022 20:10:21,20.07,2.58,0.04773
           2022-05-25 20:24:00,19.881,6.806,76.179,05/25/2022 20:20:21,20.03,0.00,0
           2022-05-25 20:34:00,19.923,6.810,76.288,05/25/2022 20:30:21,20.07,0.00,0
           2022-05-25 20:44:00,19.982,6.834,76.646,05/25/2022 20:40:21,20.16,0.00,0
           2022-05-25 20:54:00,20.041,6.860,77.028,05/25/2022 20:50:21,20.25,0.00,0
           2022-05-25 21:04:00,20.082,6.899,77.529,05/25/2022 21:00:21,20.25,0.00,0
           2022-05-25 21:14:00,20.191,6.887,77.562,05/25/2022 21:10:21,20.37,0.00,0
           2022-05-25 21:24:00,20.241,6.853,77.256,05/25/2022 21:20:21,20.46,0.00,0
           2022-05-25 21:34:00,20.317,6.838,77.203,05/25/2022 21:30:21,20.46,0.00,0
           2022-05-25 21:44:00,20.342,6.872,77.625,05/25/2022 21:40:21,20.50,0.00,0
           2022-05-25 21:54:00,20.384,6.798,76.854,05/25/2022 21:50:21,20.59,0.00,0
           2022-05-25 22:04:00,20.425,6.845,77.447,05/25/2022 22:00:21,20.59,0.00,0
           2022-05-25 22:14:00,20.417,6.826,77.220,05/25/2022 22:10:21,20.63,0.00,0
           2022-05-25 22:24:00,20.451,6.801,76.989,05/25/2022 22:20:21,20.59,0.00,0
           2022-05-25 22:34:00,20.442,6.830,77.304,05/25/2022 22:30:21,20.59,0.00,0
           2022-05-25 22:44:00,20.451,6.814,77.136,05/25/2022 22:40:21,20.63,0.00,0
           2022-05-25 22:54:00,20.442,6.795,76.908,05/25/2022 22:50:21,20.63,0.00,0
           2022-05-25 23:04:00,20.442,6.766,76.580,05/25/2022 23:00:21,20.63,0.00,0
           2022-05-25 23:14:00,20.409,6.772,76.598,05/25/2022 23:10:21,20.59,0.00,0
           2022-05-25 23:24:00,20.425,6.715,75.978,05/25/2022 23:20:21,20.55,0.00,0
           2022-05-25 23:34:00,20.392,6.721,75.996,05/25/2022 23:30:21,20.55,0.00,0
           2022-05-25 23:44:00,20.375,6.745,76.242,05/25/2022 23:40:21,20.55,0.00,0
           2022-05-25 23:54:00,20.375,6.697,75.700,05/25/2022 23:50:21,20.55,0.00,0
           2022-05-26 00:04:00,20.35,6.676,75.425,05/26/2022 00:00:21,20.55,0.00,0
           2022-05-26 00:14:00,20.342,6.656,75.188,05/26/2022 00:10:21,20.50,0.00,0
           2022-05-26 00:24:00,20.342,6.714,75.842,05/26/2022 00:20:21,20.46,0.00,0
           2022-05-26 00:34:00,20.317,6.656,75.150,05/26/2022 00:30:21,20.50,0.00,0
           2022-05-26 00:44:00,20.308,6.639,74.945,05/26/2022 00:40:21,20.50,0.00,0
           2022-05-26 00:54:00,20.283,6.616,74.649,05/26/2022 00:50:21,20.46,0.00,0
           2022-05-26 01:04:00,20.266,6.667,75.198,05/26/2022 01:00:21,20.46,0.00,0
           2022-05-26 01:14:00,20.258,6.607,74.511,05/26/2022 01:10:21,20.42,0.00,0
           2022-05-26 01:24:00,20.25,6.584,74.240,05/26/2022 01:20:21,20.42,0.00,0
           2022-05-26 01:34:00,20.208,6.619,74.572,05/26/2022 01:30:21,20.42,0.00,0
           2022-05-26 01:44:00,20.233,6.543,73.753,05/26/2022 01:40:21,20.33,0.00,0
           2022-05-26 01:54:00,20.183,6.551,73.770,05/26/2022 01:50:21,20.33,0.00,0
           2022-05-26 02:04:00,20.158,6.576,74.015,05/26/2022 02:00:21,20.37,0.00,0
           2022-05-26 02:14:00,20.158,6.594,74.217,05/26/2022 02:10:21,20.33,0.00,0
           2022-05-26 02:24:00,20.158,6.544,73.655,05/26/2022 02:20:21,20.33,0.00,0
           2022-05-26 02:34:00,20.141,6.539,73.574,05/26/2022 02:30:21,20.29,0.00,0
           2022-05-26 02:44:00,20.099,6.579,73.962,05/26/2022 02:40:21,20.29,0.00,0
           2022-05-26 02:54:00,20.091,6.516,73.243,05/26/2022 02:50:21,20.25,0.00,0
           2022-05-26 03:04:00,20.066,6.510,73.139,05/26/2022 03:00:21,20.25,0.00,0
           2022-05-26 03:14:00,20.074,6.489,72.915,05/26/2022 03:10:21,20.25,0.00,0
           2022-05-26 03:24:00,20.049,6.522,73.249,05/26/2022 03:20:21,20.20,0.00,0
           2022-05-26 03:34:00,20.024,6.497,72.932,05/26/2022 03:30:21,20.20,0.00,0
           2022-05-26 03:44:00,19.999,6.511,73.053,05/26/2022 03:40:21,20.20,0.00,0
           2022-05-26 03:54:00,19.99,6.418,71.998,05/26/2022 03:50:21,20.16,0.00,0
           2022-05-26 04:04:00,19.957,6.431,72.096,05/26/2022 04:00:21,20.16,0.00,0
           2022-05-26 04:14:00,19.94,6.504,72.889,05/26/2022 04:10:21,20.12,0.00,0
           2022-05-26 04:24:00,19.94,6.515,73.012,05/26/2022 04:20:21,20.12,0.00,0
           2022-05-26 04:34:00,19.915,6.499,72.796,05/26/2022 04:30:21,20.12,0.00,0
           2022-05-26 04:44:00,19.907,6.469,72.449,05/26/2022 04:40:21,20.07,0.00,0
           2022-05-26 04:54:00,19.873,6.462,72.322,05/26/2022 04:50:21,20.03,0.00,0
           2022-05-26 05:04:00,19.848,6.491,72.610,05/26/2022 05:00:21,20.03,0.00,0
           2022-05-26 05:14:00,19.84,6.438,72.006,05/26/2022 05:10:21,19.99,0.00,0
           2022-05-26 05:24:00,19.831,6.472,72.373,05/26/2022 05:20:21,19.99,1.29,0.023865
           2022-05-26 05:34:00,19.798,6.451,72.091,05/26/2022 05:30:21,19.99,16.23,0.300255
           2022-05-26 05:44:00,19.789,6.497,72.591,05/26/2022 05:40:21,19.95,13.43,0.248455
           2022-05-26 05:54:00,19.781,6.418,71.698,05/26/2022 05:50:21,19.95,18.23,0.337255
           2022-05-26 06:04:00,19.756,6.559,73.235,05/26/2022 06:00:21,19.95,39.48,0.73038
           2022-05-26 06:14:00,19.739,6.498,72.530,05/26/2022 06:10:21,19.90,72.06,1.33311
           2022-05-26 06:24:00,19.739,6.516,72.731,05/26/2022 06:20:21,19.99,69.46,1.28501
           2022-05-26 06:34:00,19.731,6.626,73.945,05/26/2022 06:30:21,19.90,130.20,2.4087
           2022-05-26 06:44:00,19.731,6.638,74.079,05/26/2022 06:40:21,19.90,169.20,3.1302
           2022-05-26 06:54:00,19.697,6.659,74.263,05/26/2022 06:50:21,19.90,325.52,6.02212
           2022-05-26 07:04:00,19.722,6.650,74.199,05/26/2022 07:00:21,19.90,212.72,3.93532
           2022-05-26 07:14:00,19.689,6.724,74.975,05/26/2022 07:10:21,19.90,293.36,5.42716
           2022-05-26 07:24:00,19.639,6.736,75.033,05/26/2022 07:20:21,19.82,455.68,8.43008
           2022-05-26 07:34:00,19.63,6.825,76.010,05/26/2022 07:30:21,19.82,585.12,10.82472
           2022-05-26 07:44:00,19.613,6.943,77.296,05/26/2022 07:40:21,19.86,572.48,10.59088
           2022-05-26 07:54:00,19.647,6.964,77.582,05/26/2022 07:50:21,19.82,388.80,7.1928
           2022-05-26 08:04:00,19.605,6.966,77.539,05/26/2022 08:00:21,19.82,421.76,7.80256
           2022-05-26 08:14:00,19.605,7.048,78.451,05/26/2022 08:10:21,19.82,940.48,17.39888
           2022-05-26 08:24:00,19.605,7.189,80.019,05/26/2022 08:20:21,19.82,1338.24,24.75744
           2022-05-26 08:34:00,19.597,7.273,80.951,05/26/2022 08:30:21,19.82,1284.16,23.75696
           2022-05-26 08:44:00,19.63,7.367,82.050,05/26/2022 08:40:21,19.95,1683.20,31.1392
           2022-05-26 08:54:00,19.697,7.447,83.051,05/26/2022 08:50:21,19.99,1578.24,29.19744
           2022-05-26 09:04:00,19.722,7.397,82.535,05/26/2022 09:00:21,19.95,387.84,7.17504
           2022-05-26 09:14:00,19.739,7.340,81.928,05/26/2022 09:10:21,19.95,328.16,6.07096
           2022-05-26 09:24:00,19.764,7.333,81.891,05/26/2022 09:20:21,19.99,451.36,8.35016
           2022-05-26 09:34:00,19.806,7.311,81.714,05/26/2022 09:30:21,19.99,523.36,9.68216
           2022-05-26 09:44:00,19.856,7.378,82.544,05/26/2022 09:40:21,20.12,1417.60,26.2256
           2022-05-26 09:54:00,19.907,7.462,83.568,05/26/2022 09:50:21,20.16,1932.80,35.7568
           2022-05-26 10:04:00,20.074,7.587,85.249,05/26/2022 10:00:21,20.42,4300.80,79.5648
           2022-05-26 10:14:00,20.183,7.663,86.288,05/26/2022 10:10:21,20.50,1811.84,33.51904
           2022-05-26 10:24:00,20.275,7.704,86.908,05/26/2022 10:20:21,20.72,3059.20,56.5952
           2022-05-26 10:34:00,20.35,7.755,87.612,05/26/2022 10:30:21,20.80,3896.32,72.08192
           2022-05-26 10:44:00,20.333,7.760,87.639,05/26/2022 10:40:21,20.68,2309.12,42.71872
           2022-05-26 10:54:00,20.35,7.735,87.387,05/26/2022 10:50:21,20.63,2240.00,41.44
           2022-05-26 11:04:00,20.484,7.807,88.433,05/26/2022 11:00:21,20.89,4197.12,77.64672
           2022-05-26 11:14:00,20.559,7.822,88.734,05/26/2022 11:10:21,20.98,4245.76,78.54656
           2022-05-26 11:24:00,20.576,7.770,88.174,05/26/2022 11:20:21,20.89,1988.48,36.78688
           2022-05-26 11:34:00,20.517,7.698,87.257,05/26/2022 11:30:21,20.72,1012.16,18.72496
           2022-05-26 11:44:00,20.476,7.619,86.292,05/26/2022 11:40:21,20.76,2019.20,37.3552
           2022-05-26 11:54:00,20.451,7.621,86.272,05/26/2022 11:50:21,20.72,1197.76,22.15856
           2022-05-26 12:04:00,20.425,7.544,85.358,05/26/2022 12:00:21,20.68,1315.20,24.3312
           2022-05-26 12:14:00,20.459,7.619,86.263,05/26/2022 12:10:21,20.80,3285.76,60.78656
           2022-05-26 12:24:00,20.526,7.717,87.487,05/26/2022 12:20:21,20.89,4687.36,86.71616
           2022-05-26 12:34:00,20.593,7.762,88.113,05/26/2022 12:30:21,21.06,4894.72,90.55232
           2022-05-26 12:44:00,20.685,7.856,89.341,05/26/2022 12:40:21,21.19,5116.16,94.64896
           2022-05-26 12:54:00,20.718,7.863,89.478,05/26/2022 12:50:21,21.10,3658.24,67.67744
           2022-05-26 13:04:00,20.66,7.815,88.831,05/26/2022 13:00:21,21.02,2923.52,54.08512
           2022-05-26 13:14:00,20.668,7.817,88.868,05/26/2022 13:10:21,21.02,4398.08,81.36448
           2022-05-26 13:24:00,21.002,7.890,90.287,05/26/2022 13:20:21,21.79,12349.44,228.46464
           2022-05-26 13:34:00,21.295,7.955,91.553,05/26/2022 13:30:21,22.13,12113.92,224.10752
           2022-05-26 13:44:00,21.403,7.933,91.492,05/26/2022 13:40:21,21.83,1936.64,35.82784
           2022-05-26 13:54:00,21.278,7.807,89.822,05/26/2022 13:50:21,21.58,872.32,16.13792
           2022-05-26 14:04:00,21.144,7.663,87.937,05/26/2022 14:00:21,21.45,853.44,15.78864
           2022-05-26 14:14:00,21.036,7.489,85.761,05/26/2022 14:10:21,21.28,330.72,6.11832
           2022-05-26 14:24:00,20.961,7.334,83.865,05/26/2022 14:20:21,21.19,352.48,6.52088
           2022-05-26 14:34:00,21.169,7.413,85.113,05/26/2022 14:30:21,21.96,14074.88,260.38528
           2022-05-26 14:44:00,21.295,7.573,87.162,05/26/2022 14:40:21,21.66,1608.32,29.75392
           2022-05-26 14:54:00,21.245,7.565,86.985,05/26/2022 14:50:21,21.66,2192.00,40.552
           2022-05-26 15:04:00,21.236,7.609,87.475,05/26/2022 15:00:21,21.79,4128.00,76.368
           2022-05-26 15:14:00,21.228,7.618,87.564,05/26/2022 15:10:21,21.66,3512.32,64.97792
           2022-05-26 15:24:00,21.278,7.699,88.581,05/26/2022 15:20:21,21.92,9912.32,183.37792
           2022-05-26 15:34:00,21.37,7.752,89.350,05/26/2022 15:30:21,22.05,11909.12,220.31872
           2022-05-26 15:44:00,21.42,7.819,90.209,05/26/2022 15:40:21,22.01,10375.68,191.95008
           2022-05-26 15:54:00,21.437,7.797,89.985,05/26/2022 15:50:21,21.92,7393.28,136.77568
           2022-05-26 16:04:00,21.387,7.791,89.829,05/26/2022 16:00:21,21.79,4943.36,91.45216
           2022-05-26 16:14:00,21.353,7.775,89.585,05/26/2022 16:10:21,21.79,3779.84,69.92704
           2022-05-26 16:24:00,21.479,7.788,89.955,05/26/2022 16:20:21,22.31,14786.56,273.55136
           2022-05-26 16:34:00,21.571,7.809,90.359,05/26/2022 16:30:21,22.13,5690.88,105.28128
           2022-05-26 16:44:00,21.504,7.736,89.398,05/26/2022 16:40:21,21.96,4874.24,90.17344
           2022-05-26 16:54:00,21.462,7.729,89.245,05/26/2022 16:50:21,21.96,2195.20,40.6112
           2022-05-26 17:04:00,21.445,7.689,88.754,05/26/2022 17:00:21,21.88,4994.56,92.39936
           2022-05-26 17:14:00,21.445,7.691,88.777,05/26/2022 17:10:21,21.79,3221.76,59.60256
           2022-05-26 17:24:00,21.362,7.587,87.437,05/26/2022 17:20:21,21.70,2437.12,45.08672
           2022-05-26 17:34:00,21.312,7.497,86.317,05/26/2022 17:30:21,21.58,1822.72,33.72032
           2022-05-26 17:44:00,21.161,7.444,85.455,05/26/2022 17:40:21,21.45,1457.28,26.95968
           2022-05-26 17:54:00,21.069,7.335,84.054,05/26/2022 17:50:21,21.36,1038.08,19.20448
           2022-05-26 18:04:00,20.952,7.237,82.731,05/26/2022 18:00:21,21.15,692.80,12.8168
           2022-05-26 18:14:00,20.81,7.167,81.704,05/26/2022 18:10:21,21.06,603.68,11.16808
           2022-05-26 18:24:00,20.693,7.087,80.607,05/26/2022 18:20:21,20.93,565.60,10.4636
           2022-05-26 18:34:00,20.626,7.034,79.899,05/26/2022 18:30:21,20.76,630.88,11.67128
           2022-05-26 18:44:00,20.509,7.025,79.613,05/26/2022 18:40:21,20.72,545.76,10.09656
           2022-05-26 18:54:00,20.425,6.971,78.871,05/26/2022 18:50:21,20.68,518.24,9.58744
           2022-05-26 19:04:00,20.333,6.939,78.367,05/26/2022 19:00:21,20.55,397.28,7.34968
           2022-05-26 19:14:00,20.283,6.874,77.557,05/26/2022 19:10:21,20.50,495.52,9.16712
           2022-05-26 19:24:00,20.191,6.850,77.145,05/26/2022 19:20:21,20.37,313.28,5.79568
           2022-05-26 19:34:00,20.107,6.812,76.590,05/26/2022 19:30:21,20.29,167.36,3.09616
           2022-05-26 19:44:00,20.032,6.761,75.904,05/26/2022 19:40:21,20.25,98.92,1.83002
           2022-05-26 19:54:00,19.965,6.721,75.355,05/26/2022 19:50:21,20.12,46.82,0.86617
           2022-05-26 20:04:00,19.898,6.700,75.020,05/26/2022 20:00:21,20.07,16.04,0.29674
           2022-05-26 20:14:00,19.815,6.721,75.130,05/26/2022 20:10:21,20.03,2.80,0.0518
           2022-05-26 20:24:00,19.773,6.661,74.398,05/26/2022 20:20:21,19.99,0.00,0
           2022-05-26 20:34:00,19.697,6.643,74.084,05/26/2022 20:30:21,19.90,0.00,0
           2022-05-26 20:44:00,19.655,6.613,73.688,05/26/2022 20:40:21,19.82,0.00,0
           2022-05-26 20:54:00,19.588,6.596,73.401,05/26/2022 20:50:21,19.82,0.00,0
           2022-05-26 21:04:00,19.521,6.641,73.802,05/26/2022 21:00:21,19.65,0.00,0
           2022-05-26 21:14:00,19.471,6.578,73.029,05/26/2022 21:10:21,19.69,0.00,0
           2022-05-26 21:24:00,19.412,6.649,73.729,05/26/2022 21:20:21,19.60,0.00,0
           2022-05-26 21:34:00,19.354,6.637,73.510,05/26/2022 21:30:21,19.56,0.00,0
           2022-05-26 21:44:00,19.32,6.616,73.228,05/26/2022 21:40:21,19.52,0.00,0
           2022-05-26 21:54:00,19.287,6.595,72.947,05/26/2022 21:50:21,19.47,0.00,0
           2022-05-26 22:04:00,19.27,6.578,72.735,05/26/2022 22:00:21,19.43,0.00,0
           2022-05-26 22:14:00,19.211,6.647,73.409,05/26/2022 22:10:21,19.43,0.00,0
           2022-05-26 22:24:00,19.178,6.591,72.743,05/26/2022 22:20:21,19.39,0.00,0
           2022-05-26 22:34:00,19.127,6.608,72.856,05/26/2022 22:30:21,19.35,0.00,0
           2022-05-26 22:44:00,19.102,6.595,72.676,05/26/2022 22:40:21,19.26,0.00,0
           2022-05-26 22:54:00,19.102,6.521,71.861,05/26/2022 22:50:21,19.22,0.00,0
           2022-05-26 23:04:00,19.052,6.556,72.174,05/26/2022 23:00:21,19.22,0.00,0
           2022-05-26 23:14:00,19.018,6.615,72.772,05/26/2022 23:10:21,19.22,0.00,0
           2022-05-26 23:24:00,18.985,6.562,72.142,05/26/2022 23:20:21,19.17,0.00,0
           2022-05-26 23:34:00,18.959,6.555,72.027,05/26/2022 23:30:21,19.13,0.00,0
           2022-05-26 23:44:00,18.959,6.573,72.225,05/26/2022 23:40:21,19.13,0.00,0
           2022-05-26 23:54:00,18.926,6.613,72.615,05/26/2022 23:50:21,19.09,0.00,0
           2022-05-27 00:04:00,18.917,6.566,72.087,05/27/2022 00:00:21,19.09,0.00,0
           2022-05-27 00:14:00,18.859,6.586,72.221,05/27/2022 00:10:21,19.05,0.00,0
           2022-05-27 00:24:00,18.833,6.592,72.249,05/27/2022 00:20:21,19.00,0.00,0
           2022-05-27 00:34:00,18.783,6.611,72.383,05/27/2022 00:30:21,18.96,0.00,0
           2022-05-27 00:44:00,18.733,6.640,72.627,05/27/2022 00:40:21,18.92,0.00,0
           2022-05-27 00:54:00,18.707,6.602,72.173,05/27/2022 00:50:21,18.87,0.00,0
           2022-05-27 01:04:00,18.674,6.653,72.681,05/27/2022 01:00:21,18.87,0.00,0
           2022-05-27 01:14:00,18.657,6.612,72.209,05/27/2022 01:10:21,18.87,0.00,0
           2022-05-27 01:24:00,18.64,6.572,71.748,05/27/2022 01:20:21,18.79,0.00,0
           2022-05-27 01:34:00,18.573,6.602,71.977,05/27/2022 01:30:21,18.74,0.00,0
           2022-05-27 01:44:00,18.548,6.559,71.472,05/27/2022 01:40:21,18.74,0.00,0
           2022-05-27 01:54:00,18.531,6.503,70.838,05/27/2022 01:50:21,18.70,0.00,0
           2022-05-27 02:04:00,18.497,6.540,71.191,05/27/2022 02:00:21,18.66,0.00,0
           2022-05-27 02:14:00,18.464,6.570,71.469,05/27/2022 02:10:21,18.62,0.00,0
           2022-05-27 02:24:00,18.422,6.530,70.974,05/27/2022 02:20:21,18.62,0.00,0
           2022-05-27 02:34:00,18.388,6.570,71.359,05/27/2022 02:30:21,18.57,0.00,0
           2022-05-27 02:44:00,18.363,6.569,71.311,05/27/2022 02:40:21,18.57,0.00,0
           2022-05-27 02:54:00,18.337,6.533,70.883,05/27/2022 02:50:21,18.53,0.00,0
           2022-05-27 03:04:00,18.329,6.552,71.078,05/27/2022 03:00:21,18.49,0.00,0
           2022-05-27 03:14:00,18.287,6.571,71.222,05/27/2022 03:10:21,18.49,0.00,0
           2022-05-27 03:24:00,18.279,6.582,71.330,05/27/2022 03:20:21,18.49,0.00,0
           2022-05-27 03:34:00,18.262,6.619,71.705,05/27/2022 03:30:21,18.44,0.00,0
           2022-05-27 03:44:00,18.228,6.630,71.774,05/27/2022 03:40:21,18.40,0.00,0
           2022-05-27 03:54:00,18.186,6.653,71.961,05/27/2022 03:50:21,18.40,0.00,0
           2022-05-27 04:04:00,18.161,6.647,71.860,05/27/2022 04:00:21,18.36,0.00,0
           2022-05-27 04:14:00,18.102,6.653,71.837,05/27/2022 04:10:21,18.32,0.00,0
           2022-05-27 04:24:00,18.076,6.642,71.681,05/27/2022 04:20:21,18.27,0.00,0
           2022-05-27 04:34:00,18.043,6.681,72.052,05/27/2022 04:30:21,18.23,0.00,0
           2022-05-27 04:44:00,17.984,6.680,71.954,05/27/2022 04:40:21,18.19,0.00,0
           2022-05-27 04:54:00,17.95,6.662,71.710,05/27/2022 04:50:21,18.14,0.00,0
           2022-05-27 05:04:00,17.916,6.674,71.789,05/27/2022 05:00:21,18.10,0.00,0
           2022-05-27 05:14:00,17.891,6.633,71.312,05/27/2022 05:10:21,18.10,0.00,0
           2022-05-27 05:24:00,17.857,6.598,70.886,05/27/2022 05:20:21,18.02,4.09,0.075665
           2022-05-27 05:34:00,17.798,6.638,71.229,05/27/2022 05:30:21,18.02,23.41,0.433085
           2022-05-27 05:44:00,17.773,6.660,71.428,05/27/2022 05:40:21,17.97,72.82,1.34717
           2022-05-27 05:54:00,17.748,6.636,71.134,05/27/2022 05:50:21,17.97,147.44,2.72764
           2022-05-27 06:04:00,17.722,6.714,71.931,05/27/2022 06:00:21,17.93,241.20,4.4622
           2022-05-27 06:14:00,17.68,6.773,72.499,05/27/2022 06:10:21,17.97,275.92,5.10452
           2022-05-27 06:24:00,17.68,6.787,72.649,05/27/2022 06:20:21,17.93,461.44,8.53664
           2022-05-27 06:34:00,17.672,6.830,73.096,05/27/2022 06:30:21,17.93,471.20,8.7172
           2022-05-27 06:44:00,17.663,6.888,73.703,05/27/2022 06:40:21,17.89,372.96,6.89976
           2022-05-27 06:54:00,17.672,6.933,74.197,05/27/2022 06:50:21,17.89,415.20,7.6812
           2022-05-27 07:04:00,17.663,6.994,74.836,05/27/2022 07:00:21,17.84,433.60,8.0216
           2022-05-27 07:14:00,17.646,6.965,74.499,05/27/2022 07:10:21,17.89,453.44,8.38864
           2022-05-27 07:24:00,17.63,6.951,74.325,05/27/2022 07:20:21,17.80,475.04,8.78824
           2022-05-27 07:34:00,17.621,6.955,74.354,05/27/2022 07:30:21,17.84,519.52,9.61112
           2022-05-27 07:44:00,17.638,7.077,75.684,05/27/2022 07:40:21,17.84,1415.04,26.17824
           2022-05-27 07:54:00,17.68,7.098,75.984,05/27/2022 07:50:21,17.93,1712.00,31.672
           2022-05-27 08:04:00,17.765,7.272,77.981,05/27/2022 08:00:21,18.10,2298.88,42.52928
           2022-05-27 08:14:00,17.891,7.295,78.431,05/27/2022 08:10:21,18.19,2177.92,40.29152
           2022-05-27 08:24:00,17.959,7.588,81.692,05/27/2022 08:20:21,18.23,2051.84,37.95904
           2022-05-27 08:34:00,18.06,7.711,83.187,05/27/2022 08:30:21,18.40,2113.92,39.10752
           2022-05-27 08:44:00,18.068,7.845,84.645,05/27/2022 08:40:21,18.32,1724.16,31.89696
           2022-05-27 08:54:00,18.076,7.832,84.518,05/27/2022 08:50:21,18.36,1459.84,27.00704
           2022-05-27 09:04:00,18.093,7.859,84.839,05/27/2022 09:00:21,18.36,1317.76,24.37856
           2022-05-27 09:14:00,18.076,7.812,84.303,05/27/2022 09:10:21,18.27,853.12,15.78272
           2022-05-27 09:24:00,18.026,7.779,83.861,05/27/2022 09:20:21,18.27,1070.08,19.79648
           2022-05-27 09:34:00,18.076,7.693,83.020,05/27/2022 09:30:21,18.32,1982.72,36.68032
           2022-05-27 09:44:00,18.093,7.693,83.049,05/27/2022 09:40:21,18.40,2034.56,37.63936
           2022-05-27 09:54:00,18.152,7.785,84.143,05/27/2022 09:50:21,18.40,1734.40,32.0864
           2022-05-27 10:04:00,18.295,7.887,85.494,05/27/2022 10:00:21,18.62,4156.16,76.88896
           2022-05-27 10:14:00,18.38,7.968,86.532,05/27/2022 10:10:21,18.70,3633.92,67.22752
           2022-05-27 10:24:00,18.396,8.049,87.439,05/27/2022 10:20:21,18.66,1287.68,23.82208
           2022-05-27 10:34:00,18.447,8.140,88.518,05/27/2022 10:30:21,18.66,1950.08,36.07648
           2022-05-27 10:44:00,18.422,8.115,88.202,05/27/2022 10:40:21,18.74,1748.48,32.34688
           2022-05-27 10:54:00,18.506,8.126,88.473,05/27/2022 10:50:21,18.83,3907.84,72.29504
           2022-05-27 11:04:00,18.556,8.181,89.162,05/27/2022 11:00:21,18.92,3548.16,65.64096
           2022-05-27 11:14:00,18.632,8.205,89.561,05/27/2022 11:10:21,18.92,2219.52,41.06112
           2022-05-27 11:24:00,18.833,8.376,91.799,05/27/2022 11:20:21,19.22,5036.80,93.1808
           2022-05-27 11:34:00,18.875,8.377,91.889,05/27/2022 11:30:21,19.22,3509.76,64.93056
           2022-05-27 11:44:00,18.976,8.489,93.306,05/27/2022 11:40:21,19.30,3886.08,71.89248
           2022-05-27 11:54:00,19.228,8.545,94.400,05/27/2022 11:50:21,19.82,6213.12,114.94272
           2022-05-27 12:04:00,19.354,8.510,94.252,05/27/2022 12:00:21,19.82,2997.76,55.45856
           2022-05-27 12:14:00,19.379,8.566,94.920,05/27/2022 12:10:21,19.73,4597.76,85.05856
           2022-05-27 12:24:00,19.387,8.537,94.614,05/27/2022 12:20:21,19.77,4072.96,75.34976
           2022-05-27 12:34:00,19.245,8.456,93.450,05/27/2022 12:30:21,19.47,1033.92,19.12752
           2022-05-27 12:44:00,19.253,8.415,93.012,05/27/2022 12:40:21,19.60,4736.00,87.616
           2022-05-27 12:54:00,19.337,8.352,92.473,05/27/2022 12:50:21,19.82,5098.24,94.31744
           2022-05-27 13:04:00,19.479,8.438,93.691,05/27/2022 13:00:21,19.90,4715.52,87.23712
           2022-05-27 13:14:00,19.597,8.514,94.758,05/27/2022 13:10:21,20.03,3680.00,68.08
           2022-05-27 13:24:00,19.647,8.595,95.754,05/27/2022 13:20:21,20.07,4559.36,84.34816
           2022-05-27 13:34:00,19.739,8.583,95.796,05/27/2022 13:30:21,20.16,3301.12,61.07072
           2022-05-27 13:44:00,19.764,8.629,96.357,05/27/2022 13:40:21,20.20,6771.20,125.2672
           2022-05-27 13:54:00,20.057,8.622,96.843,05/27/2022 13:50:21,20.93,7974.40,147.5264
           2022-05-27 14:04:00,20.183,8.649,97.389,05/27/2022 14:00:21,20.68,5954.56,110.15936
           2022-05-27 14:14:00,20.35,8.642,97.633,05/27/2022 14:10:21,20.85,7311.36,135.26016
           2022-05-27 14:24:00,20.484,8.669,98.197,05/27/2022 14:20:21,21.06,6681.60,123.6096
           2022-05-27 14:34:00,20.543,8.723,98.924,05/27/2022 14:30:21,21.23,9387.52,173.66912
           2022-05-27 14:44:00,20.609,8.749,99.347,05/27/2022 14:40:21,21.19,5039.36,93.22816
           2022-05-27 14:54:00,20.534,8.686,98.487,05/27/2022 14:50:21,20.89,2682.88,49.63328
           2022-05-27 15:04:00,20.392,8.566,96.856,05/27/2022 15:00:21,20.72,3284.48,60.76288
,,,,,,,
